ts,o,h,l,c,oi,vix,oi_change,ema_20,dist_from_ema,rsi,std_20,bb_upper,bb_lower,bb_width,oi_ma,oi_slope,price_change,sentiment_score,future_high,future_low,target
2025-12-12 14:00:00+05:30,26025.85,26056.3,26024.2,26042.9,491140,10.2,1625.0,26015.764179108453,0.0010430530006625388,73.58436332279514,24.929127964143195,26065.62243503674,25965.905923180166,0.003832926496798858,489463.0,0.003426203819287668,0.0006570403215271359,1,26056.3,26015.8,0
2025-12-12 14:15:00+05:30,26043.15,26045.5,26026.95,26034.1,491985,10.16,845.0,26017.51044776479,0.000637630270909827,72.39819004524767,25.5777936170378,26068.666034998867,25966.354860530715,0.003932396786139913,490165.0,0.0037130354064447684,-0.0003379039968668396,-1,26057.6,26015.8,0
2025-12-12 14:30:00+05:30,26034.55,26039.5,26018.7,26026.95,492440,10.15,455.0,26018.409452739572,0.00032825016748014936,62.208713272543314,25.647173333527302,26069.703799406627,25967.115106072517,0.003942927161648919,490932.0,0.0030717085054549308,-0.00027463979934005955,-1,26057.6,26015.8,0
2025-12-12 14:45:00+05:30,26027.2,26031.2,26015.8,26026.95,492440,10.13,0.0,26019.222838192945,0.0002969789626349977,55.54231227651986,25.911821499482613,26071.046481191912,25967.39919519398,0.003983488924419061,491504.0,0.0019043588658484976,0.0,0,26057.6,25913.65,0
2025-12-12 15:00:00+05:30,26033.1,26057.6,26033.1,26053.95,493025,10.11,585.0,26022.530186936474,0.0012074080743808618,62.99603174603144,27.074594204083546,26076.67937534464,25968.380998528308,0.0041617158684553604,492206.0,0.0016639374570809782,0.00103738624771621,1,26057.6,25910.25,0
2025-12-12 15:15:00+05:30,26053.35,26054.5,26037.15,26043.0,492245,10.07,-780.0,26024.479692942525,0.000711649465272412,54.949494949495076,24.623739481496905,26073.727171905517,25975.232213979532,0.0037847042126531003,492427.0,-0.0003695979302515906,-0.0004202817614987753,0,26054.5,25904.75,0
2025-12-15 09:15:00+05:30,25930.05,26007.2,25913.65,25918.6,490165,10.58,-2080.0,26014.395912662287,-0.0036824192644681142,31.530139103554916,30.8376504327183,26076.071213527724,25952.72061179685,0.004741628525413332,492063.0,-0.0038572296636812764,-0.004776715432169953,0,26007.2,25904.75,1
2025-12-15 09:30:00+05:30,25918.75,25936.9,25910.25,25917.15,489190,10.52,-975.0,26005.13439717064,-0.0033833471431784744,28.937947494034276,35.575858442873304,26076.286114056387,25933.982680284895,0.005472128372733008,491413.0,-0.004523689849474882,-5.5944379711792e-05,0,25978.1,25904.75,0
2025-12-15 09:45:00+05:30,25916.8,25953.0,25904.75,25951.6,492050,10.4,2860.0,26000.03588315439,-0.0018629160118110615,38.347343945626754,37.938485095161475,26075.91285334471,25924.158912964067,0.00583668195931093,491335.0,0.0014552189443048022,0.0013292356605567601,1,25981.3,25904.75,0
2025-12-15 10:00:00+05:30,25951.9,25962.2,25937.5,25961.35,493220,10.38,1170.0,25996.351513330163,-0.001346400986777559,39.238498149127,39.610313648952925,26075.572140628068,25917.130886032257,0.006094749661873405,491374.0,0.0037568125297634796,0.00037569937884374127,1,25997.55,25937.5,0
2025-12-15 10:15:00+05:30,25961.35,25978.1,25954.55,25976.05,493935,10.36,715.0,25994.41803587015,-0.0007066146218316216,39.74829575249068,40.292483300565166,26075.00300247128,25913.833069269018,0.006200174705964202,491712.0,0.004520939086294416,0.0005662263326060568,1,25997.55,25946.95,0
2025-12-15 10:30:00+05:30,25976.1,25981.3,25946.95,25968.15,494845,10.39,910.0,25991.91631816823,-0.0009143734489332994,41.44341170038321,40.92172976677874,26073.759777701787,25910.072858634674,0.00629760872816818,492648.0,0.004459573569769897,-0.0003041263009578854,-1,25997.55,25946.95,0
2025-12-15 10:45:00+05:30,25968.4,25997.55,25965.95,25987.25,495235,10.3,390.0,25991.471906914114,-0.00016243431419483013,43.720441408302875,41.03919468020785,26073.55029627453,25909.393517553697,0.006315793861492128,493857.0,0.0027902813972465715,0.000735516392195823,1,25997.55,25961.55,0
2025-12-15 11:00:00+05:30,25987.35,25993.6,25974.55,25980.95,495495,10.29,260.0,25990.469820541344,-0.0003662812025744759,42.24182667358602,41.06038108367779,26072.5905827087,25908.349058373988,0.006319298014570952,494546.0,0.0019189317070606171,-0.00024242657457018701,-1,26021.25,25961.55,0
2025-12-15 11:15:00+05:30,25980.85,25995.55,25968.15,25991.7,495885,10.13,390.0,25990.58698048979,4.282394664837041e-05,40.94446409621473,40.94748200921198,26072.481944508214,25908.692016471363,0.006301894149593556,495079.0,0.0016280230023895175,0.00041376470067500115,1,26028.25,25961.55,0
2025-12-15 11:30:00+05:30,25991.15,25994.6,25961.55,25971.0,496145,10.15,260.0,25988.721553776475,-0.0006818940185189638,39.29056347589946,41.086152344478435,26070.89385846543,25906.54924908752,0.00632368964505804,495521.0,0.0012592806359367212,-0.0007964080841191823,-1,26028.25,25961.55,0
2025-12-15 11:45:00+05:30,25971.2,26021.25,25969.85,26016.1,496405,10.1,260.0,25991.32902484538,0.0009530476541210477,48.36866636595964,40.405080044730234,26072.13918493484,25910.518864755923,0.0062182399378047605,495833.0,0.0011536142209171232,0.0017365523083439083,1,26029.95,25969.85,0
2025-12-15 12:00:00+05:30,26016.2,26028.25,26008.55,26018.55,497055,10.09,650.0,25993.92149866963,0.0009474715591346313,48.746268656716175,40.495537765874566,26074.912574201382,25912.93042313788,0.006231539595585503,496197.0,0.0017291519295763577,9.417245474918623e-05,1,26029.95,26003.45,0
2025-12-15 12:15:00+05:30,26019.55,26027.3,26011.45,26018.6,496275,10.1,-780.0,25996.271832129667,0.0008588988457466194,44.26229508196671,40.353738821106894,26076.97930977188,25915.564354487455,0.0062091578487391596,496353.0,-0.0001571462245619549,1.921705859775358e-06,0,26045.0,26003.45,0
2025-12-15 12:30:00+05:30,26020.1,26029.95,26007.7,26010.15,497640,10.13,1365.0,25997.593562403035,0.0004829846103573559,44.624447717231256,39.90564026550653,26077.404842934047,25917.782281872023,0.006139897551628222,496704.0,0.0018844221105527637,-0.00032476766620792574,-1,26045.0,26003.45,0
2025-12-15 12:45:00+05:30,26009.95,26022.85,26003.45,26016.0,498420,10.09,780.0,25999.34655645989,0.0006405331573986806,76.0427807486655,38.66702414951221,26076.680604758913,25922.012508160864,0.005948922457038414,497159.0,0.0025364118923724603,0.00022491219773823623,1,26045.0,26003.45,0
2025-12-15 13:00:00+05:30,26016.2,26045.0,26015.35,26042.1,498485,10.19,65.0,26003.41831298752,0.0014875616177415709,79.51807228915777,39.137756958426294,26081.69382690437,25925.14279907067,0.006020401854455893,497575.0,0.001828870019595036,0.0010032287822878683,1,26045.0,26015.35,0
2025-12-15 13:15:00+05:30,26041.95,26043.95,26024.4,26025.7,498745,10.09,260.0,26005.54037841728,0.0007752048713223601,69.13739669421666,39.084688414020356,26083.709755245323,25927.37100158924,0.006011747934522209,497913.0,0.0016709746481815095,-0.0006297495209678372,-1,26043.95,25990.15,0
2025-12-15 13:30:00+05:30,26025.7,26036.0,26023.4,26025.45,498745,10.23,0.0,26007.43653285373,0.0006926275537965401,67.4090168386764,39.02102469722008,26085.47858224817,25929.39448345929,0.0060015180116544066,498407.0,0.000678160619734474,-9.605889563002457e-06,0,26038.05,25990.15,0
2025-12-15 13:45:00+05:30,26025.6,26034.05,26018.65,26022.2,501605,10.24,2860.0,26008.84257734385,0.0005135723597245353,63.365189690125966,37.07996080662805,26083.002498957107,25934.682655730594,0.005702669881808318,499200.0,0.0048177083333333336,-0.00012487776388114824,-1,26038.05,25990.15,0
2025-12-15 14:00:00+05:30,26022.0,26038.05,25990.15,26009.85,502255,10.28,650.0,26008.938522358723,3.504478433411315e-05,61.77300959909632,35.43562918574353,26079.80978073021,25938.067263987235,0.005449761689471712,499967.0,0.004576302035934372,-0.0004745947690818486,-1,26047.15,25990.15,0
2025-12-15 14:15:00+05:30,26009.5,26020.35,26007.4,26016.65,502255,10.27,0.0,26009.672948800748,0.00026824832488235736,58.91990291262204,31.38061954287557,26072.434187886498,25946.911709714997,0.004825992176779298,500721.0,0.0030635823143027752,0.0002614394162212541,0,26047.15,26007.4,0
2025-12-15 14:30:00+05:30,26016.45,26035.65,26008.5,26035.65,502320,10.27,65.0,26012.146953676867,0.0009035411942347183,65.40845070422588,26.44278070316529,26065.0325150832,25959.261392270535,0.004066220408527778,501436.0,0.0017629368453800684,0.0007303015568875804,1,26047.15,26008.5,0
2025-12-15 14:45:00+05:30,26035.2,26047.15,26028.05,26036.5,501865,10.24,-455.0,26014.46629142193,0.0008469790743058859,63.365155131265105,24.636309719168477,26063.738910860266,25965.193671983594,0.0037880938156769407,502060.0,-0.0003883997928534438,3.264754288823113e-05,0,26047.15,25920.1,0
2025-12-15 15:00:00+05:30,26035.1,26037.6,26019.55,26030.05,502125,10.23,260.0,26015.95045414365,0.000541957745545396,69.25334202804083,22.725416300970867,26061.401286745593,25970.49962154171,0.0034940743511988914,502164.0,-7.766387076731904e-05,-0.0002477291494632494,-1,26037.6,25901.65,0
2025-12-15 15:15:00+05:30,26029.85,26031.55,26013.35,26014.0,499980,10.18,-2145.0,26015.76469660616,-6.783181762051399e-05,49.15526950925236,21.286216197336966,26058.337129000833,25973.192264211484,0.0032728180694398703,501709.0,-0.003446220817246651,-0.0006165950507202034,0,26031.55,25901.65,0
2025-12-16 09:15:00+05:30,25951.5,25980.75,25920.1,25923.1,498485,10.18,-1495.0,26006.93948740557,-0.0032237352436710735,27.56756756756701,27.599153662649847,26062.13779473087,25951.74118008027,0.004244890664818944,500955.0,-0.004930582587258337,-0.0034942723149073984,0,25980.75,25879.3,0
2025-12-16 09:30:00+05:30,25922.75,25930.8,25901.65,25926.65,501280,10.23,2795.0,25999.29286955742,-0.002794032511648626,28.73988439306426,32.98116478026535,26065.25519911795,25933.33053999689,0.005074163354478456,500747.0,0.0010644097718009295,0.00013694349827009233,1,25943.75,25879.3,0
2025-12-16 09:45:00+05:30,25926.0,25943.75,25902.6,25906.1,502580,10.19,1300.0,25990.417358171,-0.0032441709961418407,27.21699146047729,39.61773227389792,26069.652822718796,25911.1818936232,0.0060972829682465046,500890.0,0.003373994290163509,-0.0007926207203785562,-1,25943.75,25879.3,0
2025-12-16 10:00:00+05:30,25906.05,25906.1,25879.3,25892.85,508235,10.29,5655.0,25981.12522882138,-0.003397667654650153,23.88123011664949,46.622754990399166,26074.37073880218,25887.87971884058,0.007177942383908785,502112.0,0.012194490472245237,-0.0005114625512909754,-1,25922.7,25879.3,0
2025-12-16 10:15:00+05:30,25892.45,25922.7,25888.15,25910.45,509405,10.15,1170.0,25974.394254647916,-0.0024618188982972185,21.034103410342894,50.28130368238388,26074.956862012685,25873.831647283147,0.007743210977616864,503997.0,0.010730222600531353,0.0006797243254412777,1,25922.7,25888.15,0
2025-12-16 10:30:00+05:30,25909.95,25919.35,25898.15,25905.3,510315,10.19,910.0,25967.813849443355,-0.002407358963900456,22.129629629631168,53.79613784807102,26075.406125139496,25860.221573747214,0.008286587105094117,506363.0,0.007804677671946805,-0.0001987615035632384,-1,25919.35,25890.85,0
2025-12-16 10:45:00+05:30,25904.85,25911.5,25890.85,25900.15,510510,10.22,195.0,25961.369673305893,-0.002358106451095272,21.638750565868662,56.83610439815744,26075.041882102207,25847.69746450958,0.008757027092695652,508209.0,0.004527664799324687,-0.00019880101755231916,-1,25911.5,25872.6,0
2025-12-16 11:00:00+05:30,25899.75,25910.35,25891.3,25898.8,511290,10.23,780.0,25955.41065680057,-0.002181073439719906,21.826484018266385,59.19238949125727,26073.795435783086,25837.025877818054,0.009122165744004354,509951.0,0.002625742473296454,-5.212325025150122e-05,-1,25911.2,25871.2,0
2025-12-16 11:15:00+05:30,25898.25,25911.2,25892.6,25905.45,511875,10.19,585.0,25950.65249901004,-0.0017418636780622096,25.527426160339644,60.75145005850563,26072.155399127052,25829.14959889303,0.009364149908881599,510679.0,0.0023419799913448566,0.00025676865337387333,1,25911.2,25870.45,0
2025-12-16 11:30:00+05:30,25905.7,25907.65,25872.6,25875.1,514930,10.31,3055.0,25943.457022913844,-0.002634846345013751,20.118218281613878,63.506018985361955,26070.469060884567,25816.444984943122,0.009791450527086071,511784.0,0.0061471245681772,-0.0011715681449271376,-1,25908.5,25870.45,0
2025-12-16 11:45:00+05:30,25875.65,25891.0,25871.2,25876.05,519805,10.3,4875.0,25937.03730644586,-0.002351359784284458,13.528336380257755,63.76404174562463,26064.56538993711,25809.509222954614,0.009833666195911668,513682.0,0.011919825884496634,3.671483395240038e-05,1,25914.45,25870.45,0
2025-12-16 12:00:00+05:30,25876.3,25890.65,25870.45,25887.5,521560,10.29,1755.0,25932.319467736732,-0.001728324679652867,17.523975588493983,63.391937215614455,26059.10334216796,25805.535593305503,0.009778058965297303,515892.0,0.010986795685918758,0.0004424941210114941,1,25914.45,25870.45,0
2025-12-16 12:15:00+05:30,25887.05,25908.5,25882.2,25906.15,522860,10.25,1300.0,25929.82713747609,-0.0009131236143826749,24.358443708611503,61.492431016910956,26052.811999509915,25806.842275442268,0.009485976237463981,518206.0,0.008980984396166776,0.0007204249154997289,1,25914.45,25875.85,0
2025-12-16 12:30:00+05:30,25905.6,25914.45,25880.25,25894.35,524355,10.26,1495.0,25926.448362478368,-0.0012380547473993088,24.794607120288347,59.5417259707863,26045.53181441994,25807.364910536795,0.009186252607890142,520702.0,0.007015529035801668,-0.0004554902986357856,-1,25914.45,25875.85,0
2025-12-16 12:45:00+05:30,25893.7,25901.0,25876.15,25898.75,527085,10.2,2730.0,25923.810423194715,-0.0009666952035836642,41.929068611204755,57.59056117840407,26038.991545551522,25808.629300837907,0.008886125957297689,523133.0,0.007554484232499192,0.00016992123764447697,1,25916.25,25875.85,0
2025-12-16 13:00:00+05:30,25898.9,25899.2,25875.85,25886.85,527800,10.21,715.0,25920.290382890456,-0.0012901237754856046,37.500000000000576,54.79247355154049,26029.875329993538,25810.705435787375,0.008455533906781899,524732.0,0.005846794173025468,-0.00045948163521414287,-1,25929.15,25875.85,0
2025-12-16 13:15:00+05:30,25887.65,25896.7,25876.3,25885.3,528060,10.21,260.0,25916.957965472317,-0.001221515484745293,42.58202567760449,48.877851175434834,26014.713667823187,25819.202263121446,0.007543763622343722,526032.0,0.003855278766310795,-5.9875960188304767e-05,-1,25929.15,25875.9,0
2025-12-16 13:30:00+05:30,25885.6,25916.25,25884.7,25905.15,528450,10.1,390.0,25915.8333973321,-0.00041223437302992654,54.189373297003215,40.16076214156315,25996.154921615223,25835.511873048974,0.006198644901876351,527150.0,0.002466091245376079,0.0007668445024782145,1,25929.15,25848.4,0
2025-12-16 13:45:00+05:30,25904.95,25929.15,25894.45,25897.25,530270,10.08,1820.0,25914.063549967137,-0.0006488195081685057,45.185995623632714,28.916199703020787,25971.895949373178,25856.231150561096,0.004463398748291981,528333.0,0.0036662483698727886,-0.0003049586665200277,-1,25929.15,25848.15,0
2025-12-16 14:00:00+05:30,25897.2,25909.75,25875.9,25883.25,530595,10.17,325.0,25911.12892616074,-0.0010759440949172302,42.446043165468666,13.693289511050475,25938.515505182844,25883.74234713864,0.002113885435107547,529035.0,0.002948765204570586,-0.0005405979399356609,-1,25909.75,25848.15,0
2025-12-16 14:15:00+05:30,25883.8,25884.55,25848.4,25868.75,532545,10.16,1950.0,25907.09283795496,-0.0014800131452335258,39.89053444945334,13.889039601589781,25934.87091715814,25879.314758751778,0.002144438156525598,529984.0,0.004832221350078493,-0.0005602078564322932,-1,25902.05,25848.15,0
2025-12-16 14:30:00+05:30,25868.95,25872.2,25848.15,25865.9,535535,10.13,2990.0,25903.169710530678,-0.00143880887733691,39.50892857143019,13.352956256626992,25929.875623043932,25876.463798017423,0.0020619802759040385,531479.0,0.007631533889391679,-0.00011017153901904386,-1,25902.05,25834.35,0
2025-12-16 14:45:00+05:30,25866.45,25902.05,25859.0,25883.8,535795,10.09,260.0,25901.324976194424,-0.000676605394146133,43.55846474263607,13.083469632842405,25927.49191546011,25875.15803692874,0.002020509706722243,532948.0,0.00534198458386184,0.0006920308205009551,1,25924.9,25834.35,0
2025-12-16 15:00:00+05:30,25885.0,25896.85,25854.75,25856.05,537225,10.03,1430.0,25897.013073699716,-0.0015817682750957048,44.2429737080694,15.267865075029679,25927.548803849775,25866.477343549657,0.0023582434053810004,534339.0,0.005401065615648493,-0.0010720991508201827,-1,25929.15,25834.35,1
2025-12-16 15:15:00+05:30,25858.75,25858.75,25834.35,25851.35,540995,10.07,3770.0,25892.664209537837,-0.0015955951540367322,42.700945626477676,16.65911221340424,25925.982433964647,25859.345985111027,0.0025735647870903083,536419.0,0.008530644887671765,-0.00018177563858368107,-1,25929.15,25834.35,1
2025-12-17 09:15:00+05:30,25902.4,25924.9,25855.65,25903.5,545155,9.92,4160.0,25893.696189581853,0.00037861765065782263,53.81133873272971,16.55710592407082,25926.810401429993,25860.581977733713,0.0025577045166277597,538941.0,0.011530019055889235,0.0020173027714220915,1,25929.15,25823.95,0
2025-12-17 09:30:00+05:30,25903.9,25929.15,25878.1,25880.2,544895,9.98,-260.0,25892.410838193104,-0.0004715991210478994,43.95245863435098,16.288496909810245,25924.987832012725,25859.833844373483,0.002516335309461992,540813.0,0.0075478954832816515,-0.000899492346594033,0,25929.15,25809.1,0
2025-12-17 09:45:00+05:30,25880.1,25890.0,25851.35,25868.25,544960,9.98,65.0,25890.109805984233,-0.0008443303697066869,43.92175128085747,16.405177897360755,25922.920161778955,25857.299450189512,0.0025345860670809334,542646.0,0.0042642901633846006,-0.0004617429540729745,-1,25890.0,25809.1,0
2025-12-17 10:00:00+05:30,25868.35,25871.05,25823.95,25840.15,546065,9.98,1105.0,25885.351729223832,-0.0017462281253377426,37.70973154362454,18.29024240154286,25921.932214026918,25848.771244420746,0.0028263463588008636,544414.0,0.0030326185586704237,-0.0010862737139156753,-1,25871.05,25801.8,0
2025-12-17 10:15:00+05:30,25840.0,25851.75,25809.1,25813.65,546975,10.04,910.0,25878.52299310728,-0.0025068275003390433,35.53359683794524,23.652654240771895,25925.828301588823,25831.217684625735,0.003655951191197696,545610.0,0.0025017869907076485,-0.001025535842477665,-1,25851.75,25801.8,0
2025-12-17 10:30:00+05:30,25812.55,25829.9,25811.05,25819.6,547950,9.98,975.0,25872.911279478016,-0.002060505634721629,37.23776223776199,26.98236205086665,25926.87600357975,25818.946555376282,0.004171523143940721,546169.0,0.0032608954371266038,0.00023049820540665955,1,25850.75,25801.8,0
2025-12-17 10:45:00+05:30,25818.95,25834.9,25801.8,25819.95,550615,9.97,2665.0,25867.867348099157,-0.0018523888132848682,32.09331651954571,29.4245717225347,25926.716491544226,25809.018204654087,0.004549980302059511,547313.0,0.006033110852473813,1.3555593425307322e-05,1,25850.75,25801.8,0
2025-12-17 11:00:00+05:30,25819.85,25843.6,25813.05,25842.05,552305,10.04,1690.0,25865.408553042093,-0.0009030807688265186,39.051963506544666,28.928227427674067,25923.26500789744,25807.552098186745,0.0044736548225559,548782.0,0.006419671199128251,0.0008559272965285025,1,25851.3,25806.7,0
2025-12-17 11:15:00+05:30,25843.25,25850.75,25812.8,25815.15,554580,10.03,2275.0,25860.62202418094,-0.0017583499785279234,37.15094339622634,30.536987494924002,25921.695999170788,25799.54804919109,0.004723318327976971,550485.0,0.007438894792773645,-0.0010409390895845805,-1,25851.3,25789.05,0
2025-12-17 11:30:00+05:30,25816.1,25834.4,25806.7,25827.95,556400,9.95,1820.0,25857.510402830372,-0.0011432037489245588,42.25218382073671,30.430027154663783,25918.3704571397,25796.650348521045,0.004707340603267462,552370.0,0.007295834313956225,0.0004958328733322137,1,25851.3,25784.95,0
2025-12-17 11:45:00+05:30,25828.3,25851.3,25816.25,25817.4,557050,9.95,650.0,25853.690364465576,-0.001403682180531311,41.051660516604926,31.2412862588478,25916.172936983272,25791.20779194788,0.0048335515461711285,554190.0,0.005160684963640629,-0.00040847221711359794,-1,25851.3,25783.75,0
2025-12-17 12:00:00+05:30,25817.05,25818.1,25789.05,25796.25,558220,9.99,1170.0,25848.219853564093,-0.0020105776667992434,34.0382862351868,33.307915133318595,25914.83568383073,25781.604023297456,0.005154384374941924,555711.0,0.004514936720705546,-0.0008192149480583666,-1,25818.1,25780.4,0
2025-12-17 12:15:00+05:30,25796.6,25809.15,25784.95,25785.7,560430,9.97,2210.0,25842.265581796084,-0.002188878587948939,36.31589184983471,34.122551097816725,25910.510683991717,25774.02047960045,0.00528166557066162,557336.0,0.0055514088449337565,-0.00040897417260254976,-1,25812.85,25779.55,0
2025-12-17 12:30:00+05:30,25786.15,25795.85,25783.75,25795.3,560300,10.0,-130.0,25837.792669244078,-0.0016445936302701106,39.30139339568608,33.804007859579414,25905.400684963235,25770.18465352492,0.005233265595449585,558480.0,0.0032588454376163874,0.0003722993752350856,0,25826.15,25779.55,0
2025-12-17 12:45:00+05:30,25794.9,25812.85,25780.4,25783.2,561860,9.97,1560.0,25832.593367411308,-0.001912056087780108,22.893195132941784,34.72361275698215,25902.04059292527,25763.146141897345,0.005376713404359366,559572.0,0.004088839327200075,-0.00046907770020110373,-1,25826.15,25779.55,0
2025-12-17 13:00:00+05:30,25784.05,25802.5,25779.55,25791.45,562315,9.97,455.0,25828.674951467372,-0.0014412257515074914,28.547256466037283,35.267109602843576,25899.20917067306,25758.140732261683,0.0054616986228077135,560625.0,0.0030144927536231883,0.0003199757981942053,1,25826.15,25779.55,0
2025-12-17 13:15:00+05:30,25792.25,25826.15,25788.65,25811.45,562445,9.95,130.0,25827.03447989905,-0.0006034173188245958,36.78455095393165,34.67762208811838,25896.38972407529,25757.679235722815,0.0053707477898955296,561470.0,0.0017365130817318824,0.0007754507792310239,1,25826.15,25780.9,0
2025-12-17 13:30:00+05:30,25811.8,25815.5,25781.75,25786.5,563680,9.97,1235.0,25823.174053241997,-0.0014201992817142821,37.33175914994019,33.5574993579688,25890.289051957934,25756.05905452606,0.005198044096171899,562120.0,0.0027752081406105457,-0.0009666252767667194,-1,25832.65,25780.9,0
2025-12-17 13:45:00+05:30,25787.1,25797.5,25780.9,25795.45,563940,9.91,260.0,25820.53366721895,-0.0009714619977354017,45.314109165808105,33.36591193043558,25887.265491079823,25753.80184335808,0.005168895788206909,562848.0,0.0019401330376940134,0.00034708083687196023,1,25832.65,25770.35,0
2025-12-17 14:00:00+05:30,25795.9,25800.25,25787.0,25798.5,564070,9.88,130.0,25818.43522272191,-0.0007721313298013262,44.48510193413512,33.0289756163494,25884.49317395461,25752.37727148921,0.005117115012033203,563290.0,0.0013847219016847449,0.0001182379062973915,1,25832.65,25770.35,0
2025-12-17 14:15:00+05:30,25799.5,25832.65,25787.7,25791.65,564005,9.92,-65.0,25815.884249129347,-0.0009387340327172024,42.84630940343771,26.989186918627436,25869.8626229666,25761.905875292094,0.004181795464865698,563628.0,0.0006688808930713165,-0.00026551931313834043,0,25832.65,25770.35,0
2025-12-17 14:30:00+05:30,25792.9,25819.65,25770.35,25793.25,564980,9.9,975.0,25813.728606355126,-0.0007933222924674221,36.23801466441019,22.370417937234773,25858.469442229594,25768.987770480657,0.0034664373021612953,564135.0,0.0014978684180205093,6.203558128303754e-05,1,25835.75,25770.35,0
2025-12-17 14:45:00+05:30,25792.0,25823.7,25790.9,25813.8,564915,9.9,-65.0,25813.735405749878,2.502320919701412e-06,49.60514770400636,17.68508440829992,25849.105574566478,25778.365236933278,0.002740414609558729,564382.0,0.0009443958170175519,0.0007967200721119561,0,25835.75,25762.45,0
2025-12-17 15:00:00+05:30,25814.65,25831.55,25814.65,25816.25,566150,9.83,1235.0,25813.974890916557,8.81347833123997e-05,46.35740971357375,16.05375427487832,25846.082399466315,25781.8673823668,0.0024876067080281993,564824.0,0.002347633953231449,9.491047424248222e-05,1,25835.75,25742.6,0
2025-12-17 15:15:00+05:30,25817.15,25835.75,25809.2,25821.8,568360,9.85,2210.0,25814.720139400695,0.00027425672488690583,51.41388174807132,16.36590868566848,25847.45195677203,25781.98832202936,0.002535903329153467,565682.0,0.00473410856276141,0.00021498087444915548,1,25835.75,25726.3,0
2025-12-18 09:15:00+05:30,25764.7,25827.15,25762.45,25780.05,569855,9.84,1495.0,25811.418221362535,-0.0012152846888736463,45.40295119182709,17.02896835278945,25845.476158068115,25777.360284656956,0.002638982206517587,566852.0,0.0052976791120080725,-0.00161685087794039,-1,25827.15,25726.3,0
2025-12-18 09:30:00+05:30,25780.15,25795.45,25742.6,25745.1,571545,9.88,1690.0,25805.10220028039,-0.0023252068453245888,39.88035892322951,21.110753526962224,25847.323707334315,25762.880693226467,0.0032723379063746066,568165.0,0.005948976089692255,-0.0013556994652842436,-1,25841.5,25726.3,1
2025-12-18 09:45:00+05:30,25745.1,25756.25,25726.3,25748.75,574795,9.95,3250.0,25799.73532406321,-0.00197619562459842,38.04264063704089,21.725200471545815,25843.185725006304,25756.284923120118,0.0033682826895179135,570141.0,0.00816289303873954,0.00014177455127395433,1,25863.95,25726.3,1
2025-12-18 10:00:00+05:30,25748.7,25797.5,25736.7,25791.15,574925,9.85,130.0,25798.917674152428,-0.00030108527227903063,51.7670593465216,21.254822827386906,25841.4273198072,25756.408028497655,0.0032954596151421054,571896.0,0.005296417530460083,0.0016466818777611802,1,25863.95,25736.7,0
2025-12-18 10:15:00+05:30,25792.3,25841.5,25785.65,25829.75,576485,9.81,1560.0,25801.85408613791,0.001081159275180756,57.50097924010956,21.406970550744575,25844.6680272394,25759.040145036422,0.0033186716705363353,573521.0,0.005168075798445044,0.001496637412445656,1,25863.95,25785.65,0
2025-12-18 10:30:00+05:30,25830.55,25863.95,25826.7,25852.4,576875,9.82,390.0,25806.667982696206,0.0017721008126449806,57.93758480325656,24.563595629827585,25855.795173955863,25757.54079143655,0.003807325400752803,574925.0,0.0033917467495760316,0.0008768958274858463,1,25863.95,25821.7,0
2025-12-18 10:45:00+05:30,25852.85,25858.85,25836.45,25850.05,577005,9.85,130.0,25810.799603391806,0.0015206966545521204,63.50116847248751,27.337036160767536,25865.47367571334,25756.125531070273,0.00423652681525982,576017.0,0.0017152271547541131,-9.090065139027992e-05,-1,25860.5,25821.7,0
2025-12-18 11:00:00+05:30,25849.6,25851.1,25825.8,25831.7,576940,9.79,-65.0,25812.790117354492,0.0007325780188634011,57.40551583248212,28.077362463329596,25868.94484228115,25756.635392427834,0.0043509225210725784,576446.0,0.0008569753281313428,-0.0007098632304385344,0,25879.0,25821.7,0
2025-12-18 11:15:00+05:30,25831.45,25856.7,25821.7,25855.35,577200,9.8,260.0,25816.84343951121,0.0014915286053080155,60.71226681741075,30.499544431494556,25877.8425283742,25755.844350648218,0.004725526496367505,576901.0,0.0005182864997633909,0.0009155417568336155,1,25882.9,25821.7,0
2025-12-18 11:30:00+05:30,25855.4,25860.5,25848.5,25851.55,577265,9.8,65.0,25820.148826224427,0.001216149991501171,61.41822340831071,31.802889950645454,25883.75460612572,25756.543046323135,0.004926832941930274,577057.0,0.00036044966095203767,-0.00014697151653331186,-1,25884.8,25842.15,0
2025-12-18 11:45:00+05:30,25851.7,25879.0,25842.15,25866.95,576810,9.74,-455.0,25824.60608086972,0.0016396733796319053,63.34661354581676,34.154307253253506,25892.914695376225,25756.297466363212,0.005290196047335471,577044.0,-0.00040551500405515005,0.0005957089613581878,0,25899.05,25842.15,0
2025-12-18 12:00:00+05:30,25867.15,25882.9,25853.8,25878.8,577525,9.69,715.0,25829.767406501174,0.0018982979105914767,62.154076290201886,37.315537895403,25904.39848229198,25755.136330710367,0.005778687404829101,577148.0,0.0006532120010811785,0.0004581135387047297,1,25902.35,25853.8,0
2025-12-18 12:15:00+05:30,25878.95,25884.8,25861.65,25879.85,576940,9.71,-585.0,25834.537177310587,0.0017539630138684193,61.95488721804484,39.35352680981087,25913.24423093021,25755.830123690965,0.006093165368470207,577148.0,-0.00036039282818271914,4.05737514876936e-05,0,25902.35,25861.65,0
2025-12-18 12:30:00+05:30,25880.15,25899.05,25877.8,25893.85,577980,9.76,1040.0,25840.18601756672,0.0020767645556729318,63.12625250500986,42.22093355511113,25924.627884676942,25755.7441504565,0.0065357011789942835,577304.0,0.00117096018735363,0.0005409614043359046,1,25902.35,25861.05,0
2025-12-18 12:45:00+05:30,25894.15,25902.35,25874.55,25881.8,579085,9.79,1105.0,25844.14925398894,0.001456838282469196,70.78651685393258,43.60426184809959,25931.357777685138,25756.940730292743,0.00674880204715868,577668.0,0.002452966063552075,-0.00046536146613962437,-1,25902.35,25839.9,0
2025-12-18 13:00:00+05:30,25882.75,25887.5,25873.1,25879.8,579800,9.77,715.0,25847.54456313285,0.0012479110651444632,81.79886685552435,44.11504696158427,25935.77465705602,25759.314469209683,0.006826961354697766,578266.0,0.00265275841913583,-7.727437813442872e-05,-1,25887.5,25837.85,0
2025-12-18 13:15:00+05:30,25880.0,25880.0,25861.05,25867.15,579995,9.78,195.0,25849.41174759639,0.0006862149350559401,76.81159420289941,43.6944712268166,25936.800690050022,25762.02280514276,0.006761387323389111,578760.0,0.0021338724168912847,-0.0004887982132781854,-1,25880.0,25802.15,0
2025-12-18 13:30:00+05:30,25868.05,25868.25,25839.9,25844.55,582335,9.72,2340.0,25848.948724015783,-0.0001701703254065873,63.283582089551935,43.3826434946112,25935.714011005006,25762.18343702656,0.0067132546020032624,579839.0,0.004304643185435957,-0.0008736950147195666,-1,25868.25,25779.25,0
2025-12-18 13:45:00+05:30,25845.9,25862.85,25837.85,25843.4,585065,9.68,2730.0,25848.420274109518,-0.00019421976493258914,54.17303576887857,43.079002089813734,25934.578278289144,25762.26226992989,0.006666403847195583,581256.0,0.006553050635176239,-4.449680880491691e-05,-1,25862.85,25779.25,0
2025-12-18 14:00:00+05:30,25843.55,25843.6,25802.15,25805.25,589745,9.75,4680.0,25844.308819432423,-0.0015113122082434757,36.83328679139832,43.59658024675887,25931.50197992594,25757.115658938907,0.006747571475229809,583388.0,0.010896693109902843,-0.0014761989521503427,-1,25843.6,25770.85,0
2025-12-18 14:15:00+05:30,25805.3,25814.85,25779.25,25789.55,597220,9.73,7475.0,25839.093693772193,-0.0019173928605760084,34.277546777546306,42.96931241260535,25925.032318597405,25753.15506894698,0.00665182965344681,586872.0,0.017632465000886055,-0.0006084033287799828,-1,25833.95,25770.85,0
2025-12-18 14:30:00+05:30,25794.25,25833.95,25781.65,25792.55,599300,9.69,2080.0,25834.660961031987,-0.0016300179474197786,38.943801186104935,38.57778403503906,25911.816529102063,25757.50539296191,0.005973027336140017,590733.0,0.014502321691864176,0.00011632618638168779,1,25833.95,25770.85,0
2025-12-18 14:45:00+05:30,25792.5,25806.6,25770.85,25786.05,604955,9.67,5655.0,25830.031345695606,-0.0017027213442749594,28.3302063789868,34.53722057816157,25899.10578685193,25760.956904539282,0.0053483822943819525,595257.0,0.016292122562187424,-0.0002520107550435524,-1,25950.85,25770.85,1
2025-12-18 15:00:00+05:30,25786.35,25829.75,25786.35,25820.4,608855,9.66,3900.0,25829.114074676978,-0.0003373741217674897,41.8220005250728,32.774745071092205,25894.663564819162,25763.564584534794,0.005075628219587252,600015.0,0.014732965009208104,0.001332115620655383,1,25968.7,25786.35,1
2025-12-18 15:15:00+05:30,25821.25,25826.2,25806.7,25815.65,611455,9.83,2600.0,25827.831781850597,-0.00047165329066280236,35.73414905450515,33.268818477609734,25894.369418805814,25761.29414489538,0.005152398197201689,604357.0,0.011744713803265288,-0.00018396306796175654,-1,25970.4,25806.7,1
2025-12-19 09:15:00+05:30,25911.5,25950.85,25880.45,25950.3,610350,9.67,-1105.0,25839.49542167435,0.004288186611906736,61.814276272306735,40.85550750415827,25921.206436682667,25757.784406666033,0.006324505465364267,606983.0,0.005547107579619199,0.005215828383170695,0,25970.4,25880.45,0
2025-12-19 09:30:00+05:30,25951.25,25968.7,25951.15,25956.4,610415,9.74,65.0,25850.629191038697,0.004091614489521612,62.44108564927719,47.36978245120876,25945.368755941116,25755.88962613628,0.007329768587238912,609206.0,0.0019845503819726005,0.00023506471986833866,1,25970.4,25929.05,0
2025-12-19 09:45:00+05:30,25956.45,25970.4,25939.95,25958.85,610675,9.67,260.0,25860.935934749297,0.0037861763973953575,60.97602161431954,52.40696637853558,25965.74986750637,25756.122001992226,0.008105965926487083,610350.0,0.0005324813631522897,9.438905241077045e-05,1,25977.7,25929.05,0
2025-12-19 10:00:00+05:30,25957.7,25966.55,25929.05,25935.6,610480,9.64,-195.0,25868.046798106505,0.0026114535210458355,58.753660917669926,54.968984317003034,25977.984766740512,25758.108829472498,0.008499904882038051,610675.0,-0.00031931878658861094,-0.000895648304913399,0,25979.25,25929.05,0
2025-12-19 10:15:00+05:30,25935.45,25965.55,25931.35,25959.9,611975,9.59,1495.0,25876.79472209636,0.0032115754209958553,62.15109223300996,58.78897872677753,25994.372679549917,25759.216764642806,0.009087520979030286,610779.0,0.00195815507736841,0.0009369361032713908,1,25979.25,25931.35,0
2025-12-19 10:30:00+05:30,25959.8,25977.7,25953.2,25974.85,609440,9.67,-2535.0,25886.133319991946,0.0034271893338174235,66.224766495932,63.244339199567506,26012.62199839108,25759.64464159281,0.00977269774790563,610597.0,-0.0018948668270561434,0.0005758881967956597,0,25979.25,25930.3,0
2025-12-19 10:45:00+05:30,25974.85,25979.25,25960.6,25962.4,609180,9.64,-260.0,25893.39681332605,0.002664895114820908,68.31390831390885,66.1538543154503,26025.70452195695,25761.089104695147,0.010219416910400105,610350.0,-0.0019169329073482429,-0.00047930979389665396,0,25979.25,25913.4,0
2025-12-19 11:00:00+05:30,25961.85,25968.55,25939.85,25954.75,608985,9.61,-195.0,25899.239973961667,0.0021433071431494304,66.96115765422674,68.23766993885741,26035.71531383938,25762.764634083953,0.010538945545500342,610012.0,-0.0016835734378995823,-0.00029465688842333915,0,25968.55,25905.6,0
2025-12-19 11:15:00+05:30,25953.5,25960.4,25930.3,25931.55,608335,9.57,-650.0,25902.317119298652,0.0011285816850557823,70.15639961698047,69.05006931472688,26040.417257928104,25764.2169806692,0.010663149400372354,609583.0,-0.00204730118786121,-0.0008938633583448485,0,25960.4,25905.6,0
2025-12-19 11:30:00+05:30,25932.1,25938.85,25913.4,25913.4,608400,9.57,65.0,25903.3726317464,0.0003871066673886849,69.61203483768861,69.32104995674382,26042.014731659885,25764.730531832913,0.010704559740886448,608868.0,-0.0007686395080707148,-0.0006999195960132321,-1,25955.7,25905.6,0
2025-12-19 11:45:00+05:30,25913.4,25927.85,25905.6,25916.7,608270,9.59,-130.0,25904.64190491341,0.0004654800915933294,69.64087960765752,69.60650656784172,26043.85491804909,25765.428891777727,0.010748113303143373,608634.0,-0.0005980605749925243,0.0001273472411955634,0,25962.4,25905.6,0
2025-12-19 12:00:00+05:30,25916.25,25955.7,25915.65,25943.95,607815,9.56,-455.0,25908.38553301689,0.001372701009786453,73.4412114014257,70.45311146055658,26049.291755938004,25767.47931009578,0.010877267727975209,608361.0,-0.0008974934290659658,0.0010514455929959698,0,25962.4,25915.65,0
2025-12-19 12:15:00+05:30,25944.55,25950.6,25929.55,25935.7,607815,9.57,0.0,25910.986910824806,0.0009537687337131318,68.55487608625711,70.11481298555799,26051.21653679592,25770.75728485369,0.010823950971356567,608127.0,-0.0005130507278907202,-0.00031799321229031285,0,25962.4,25920.8,0
2025-12-19 12:30:00+05:30,25936.4,25962.4,25933.6,25953.65,608205,9.53,390.0,25915.050062174825,0.0014894795777962296,71.30287125656105,69.98299882828411,26055.016059831392,25775.084064518258,0.010801908336720463,608101.0,0.00017102422130534236,0.0006920962225811511,1,25962.4,25920.8,0
2025-12-19 12:45:00+05:30,25954.1,25959.3,25946.0,25952.85,608140,9.5,-65.0,25918.650056253413,0.001319510995841166,50.67087608524054,66.85927577066846,26052.36860779475,25784.931504712076,0.010318326861245944,608049.0,0.00014965899129839864,-3.0824180799360335e-05,0,25978.35,25920.8,0
2025-12-19 13:00:00+05:30,25951.2,25955.2,25920.8,25930.2,607685,9.56,-455.0,25919.750050895946,0.0004031655044333233,43.659244917715064,60.59910564737947,26040.948262190705,25798.551839601187,0.009351804014836138,607932.0,-0.00040629544093747326,-0.0008727365202664261,0,25985.2,25920.8,0
2025-12-19 13:15:00+05:30,25930.3,25962.3,25926.8,25956.2,608075,9.54,390.0,25923.221474620143,0.0012721615410393905,49.42428850749558,53.50320766329796,26030.22788994674,25816.215059293547,0.008255641794470588,607984.0,0.00014967499144714335,0.0010026918419450137,1,25985.2,25926.8,0
2025-12-19 13:30:00+05:30,25956.1,25978.35,25956.1,25977.65,609375,9.53,1300.0,25928.405143703938,0.0018992628363808713,59.20735712721769,43.43144469340599,26015.26803309075,25841.542254317126,0.006700210746120974,608296.0,0.0017738074884595658,0.000826392152934563,1,25993.35,25956.1,0
2025-12-19 13:45:00+05:30,25976.6,25985.2,25970.1,25975.85,609115,9.52,-260.0,25932.923701446423,0.001655281874414374,53.87418022832091,34.907454338855764,26002.738610124135,25863.10879276871,0.005384268236120104,608478.0,0.0010468743323505533,-6.929033226654724e-05,0,25993.35,25961.3,0
2025-12-19 14:00:00+05:30,25977.65,25983.85,25961.3,25967.5,609895,9.49,780.0,25936.21668226105,0.0012061634941671054,48.15558343789246,18.40487546242895,25973.026433185907,25899.40693133619,0.002838482680477765,608829.0,0.0017509021416522537,-0.00032145242600334356,-1,25993.35,25958.75,0
2025-12-19 14:15:00+05:30,25967.95,25993.35,25965.85,25971.05,610805,9.5,910.0,25939.534141093332,0.0012149739750622393,52.27213028631409,18.974241542240414,25977.482624177814,25901.58565800885,0.002925918628921203,609453.0,0.002218382713679316,0.00013670934822362923,1,25993.35,25945.45,0
2025-12-19 14:30:00+05:30,25971.35,25977.65,25963.55,25974.2,611650,9.51,845.0,25942.835651465397,0.0012089791939468323,55.23271455474859,19.62494787115032,25982.0855472077,25903.585755723096,0.0030258755264545843,610168.0,0.0024288392704959944,0.00012128889667528675,1,25983.05,25945.45,0
2025-12-19 14:45:00+05:30,25973.95,25983.05,25958.75,25958.75,612430,9.5,780.0,25944.351303706786,0.0005549838623699491,57.63615946097709,19.62321463546632,25983.59773297772,25905.104874435852,0.0030254315331697205,610779.0,0.0027031053785411745,-0.0005948210146992094,-1,26132.5,25945.45,1
2025-12-19 15:00:00+05:30,25959.5,25973.6,25945.45,25969.85,612950,9.54,520.0,25946.779750972804,0.0008891372743983487,66.50102309266184,19.580337042098304,25985.940425057,25907.619076888608,0.003018538289533058,611546.0,0.0022958207559202414,0.00042760148312215307,1,26136.9,25945.45,1
2025-12-19 15:15:00+05:30,25968.5,25974.25,25955.6,25961.4,613470,9.53,520.0,25948.17215564206,0.0005097794279534808,62.68444948921695,19.606789069848578,25987.385733781757,25908.958577502362,0.003022453982846026,612261.0,0.001974648066755844,-0.0003253773125373449,-1,26137.75,25955.6,1
2025-12-22 09:15:00+05:30,26055.85,26132.5,26047.8,26125.55,612755,9.71,-715.0,25965.06528367615,0.006180793869397378,79.00031938677729,42.997142729400984,26051.05956913495,25879.07099821735,0.0066238451179912155,612651.0,0.00016975406879283638,0.006322848536673531,0,26142.0,26047.8,0
2025-12-22 09:30:00+05:30,26125.5,26136.9,26111.2,26124.2,616915,9.72,4160.0,25980.220970945087,0.005541870841511784,80.78053559764889,56.30596975686242,26092.832910458812,25867.609031431362,0.008669051709734421,613704.0,0.0052321640399932215,-5.1673553283948515e-05,-1,26142.0,26111.2,0
2025-12-22 09:45:00+05:30,26124.45,26137.75,26111.9,26132.8,620035,9.7,3120.0,25994.752307045554,0.00531059851326337,80.17517264611772,66.89071409079321,26128.53373522714,25860.970878863965,0.010292956563031249,615225.0,0.007818277865821448,0.0003291966835348159,1,26142.0,26111.9,0
2025-12-22 10:00:00+05:30,26133.4,26142.0,26120.9,26129.25,621400,9.68,1365.0,26007.561611136454,0.004678961860516698,79.4392523364497,73.81365959022972,26155.188930316916,25859.934291955993,0.01135264592565626,616915.0,0.007270045306079444,-0.00013584460907367646,-1,26143.5,26118.2,0
2025-12-22 10:15:00+05:30,26128.85,26134.8,26121.0,26124.85,623610,9.68,2210.0,26018.731933885363,0.004078525670823839,84.59214501510598,77.53492468590814,26173.80178325718,25863.662084513548,0.011919862179744516,618943.0,0.007540274306357775,-0.00016839365844800724,-1,26148.15,26118.2,0
2025-12-22 10:30:00+05:30,26125.55,26133.1,26118.2,26124.1,625625,9.67,2015.0,26028.766987801042,0.003662601929766266,82.78016399843834,79.7703999234302,26188.307787647904,25869.22618795418,0.012258805799109432,621517.0,0.006609634169298668,-2.87082988036369e-05,-1,26148.15,26117.4,0
2025-12-22 10:45:00+05:30,26123.7,26143.5,26119.8,26142.6,627445,9.72,1820.0,26039.608227058085,0.003955196715858955,82.57949832115364,83.46372455016565,26206.535676158415,25872.680777957754,0.012821041518349289,623623.0,0.006128702757916241,0.000708158367178191,1,26148.15,26117.4,0
2025-12-22 11:00:00+05:30,26142.6,26148.15,26120.6,26123.95,630890,9.71,3445.0,26047.640776862077,0.0029296021006903687,77.42592592592744,84.13867543492535,26215.91812773193,25879.363425992226,0.01292073645451464,625794.0,0.008143254809090531,-0.0007133949951418916,-1,26148.15,26117.4,0
2025-12-22 11:15:00+05:30,26124.1,26137.35,26117.4,26136.55,631280,9.69,390.0,26056.10832192283,0.0030872483750571,80.82041932543409,85.46735491739038,26227.043031757614,25885.17361208805,0.01312050961125021,627770.0,0.005591219714226548,0.0004823160356683953,1,26148.4,26117.4,0
2025-12-22 11:30:00+05:30,26137.6,26139.4,26129.65,26133.9,632125,9.7,845.0,26063.517053168278,0.0027004393416339713,79.78781781598857,85.56555104895823,26234.648155266193,25892.385951070362,0.013131850298546941,629473.0,0.004213048057660932,-0.00010139058138880497,-1,26154.45,26129.65,0
2025-12-22 11:45:00+05:30,26134.0,26146.75,26132.75,26140.95,634400,9.71,2275.0,26070.891619533206,0.0026872261021677053,80.07213706041637,83.370751331792,26237.63312219679,25904.150116869623,0.012791392415490247,631228.0,0.005025125628140704,0.00026976455867666616,1,26154.45,26121.85,0
2025-12-22 12:00:00+05:30,26141.3,26148.4,26132.35,26134.55,635700,9.7,1300.0,26076.954322434805,0.0022086811539813365,82.77404921700379,81.47554605683173,26239.90541454847,25914.00323032114,0.012497708904101006,632879.0,0.004457408130148101,-0.00024482660347080465,-1,26154.45,26111.75,0
2025-12-22 12:15:00+05:30,26134.65,26154.45,26133.85,26142.4,635895,9.71,195.0,26083.18724410768,0.0022701503209005534,82.56274768824487,80.34289159756938,26243.87302730282,25922.501460912543,0.012321023630379992,633880.0,0.0031788351107465136,0.00030036866906080206,1,26154.45,26111.75,0
2025-12-22 12:30:00+05:30,26142.2,26146.05,26121.85,26121.85,636350,9.71,455.0,26086.86941133552,0.0013409270431383727,78.95686699151771,77.46883053165863,26241.80707239884,25931.9317502722,0.01187859368023623,634894.0,0.0022932962037757482,-0.0007860793194198745,-1,26152.9,26111.75,0
2025-12-22 12:45:00+05:30,26121.8,26152.9,26111.75,26139.55,636935,9.71,585.0,26091.886610255948,0.0018267513750928406,55.359877488514606,73.53637320541362,26238.959356666775,25944.81386384512,0.01127344669304348,635856.0,0.0016969250899574746,0.0006775936620109224,1,26157.95,26111.75,0
2025-12-22 13:00:00+05:30,26138.9,26144.35,26137.75,26139.95,638170,9.7,1235.0,26096.464075945856,0.0016663531092791708,56.07404550713453,68.61646188853311,26233.69699972292,25959.23115216879,0.010517357706215655,636610.0,0.002450479885644272,1.530248225400932e-05,1,26157.95,26137.75,0
2025-12-22 13:15:00+05:30,26141.45,26150.95,26139.25,26148.15,638170,9.72,0.0,26101.386544903395,0.0017916080824349116,55.93810444874343,62.72875458122027,26226.844054065834,25975.929035740955,0.009613091545662452,637104.0,0.001673196212863206,0.0003136960858762805,0,26157.95,26125.85,0
2025-12-22 13:30:00+05:30,26148.2,26157.95,26138.4,26144.35,639535,9.72,1365.0,26105.478302531643,0.001489024526495116,55.83011583011495,52.40351754711547,26210.285337625875,26000.67126743741,0.008029505062473316,637832.0,0.002669982064242622,-0.00014532576874470848,-1,26159.15,26125.85,0
2025-12-22 13:45:00+05:30,26144.0,26150.85,26142.95,26144.9,639795,9.72,260.0,26109.23274990958,0.0013660780625789966,57.97851173895802,39.57436570619351,26188.38148132197,26030.084018497193,0.006062892170790577,638521.0,0.0019952358653826576,2.103705007017176e-05,1,26179.15,26125.85,0
2025-12-22 14:00:00+05:30,26144.95,26152.6,26125.85,26143.5,640575,9.71,780.0,26112.49629753724,0.0011873128524171027,57.680126682501935,8.547174047912796,26129.590645633067,26095.401949441413,0.0013092848650735046,639249.0,0.0020743090720517355,-5.3547728237735015e-05,-1,26179.15,26125.85,0
2025-12-22 14:15:00+05:30,26143.85,26159.15,26128.55,26157.45,642395,9.73,1820.0,26116.777602533693,0.0015573283230149156,56.098562628337106,9.620559125617229,26136.018720784927,26097.53648428246,0.001473468016924616,640094.0,0.0035947845160242088,0.0005335934362269423,1,26180.7,26128.55,0
2025-12-22 14:30:00+05:30,26157.9,26179.15,26150.25,26159.25,645970,9.67,3575.0,26120.822592768578,0.0014711407764800028,66.82554814108443,10.422890736763964,26141.668374242105,26099.97681129505,0.0015961045177266078,641654.0,0.006726366546456502,6.8814047240906e-05,1,26180.7,26150.25,0
2025-12-22 14:45:00+05:30,26159.35,26166.25,26154.4,26162.75,647010,9.68,1040.0,26124.81567917157,0.0014520416639216202,63.67432150312993,11.675982996822123,26148.167645165213,26101.463713177927,0.0017877229283007373,643149.0,0.006003274513370929,0.00013379588482087534,1,26206.55,26141.55,0
2025-12-22 15:00:00+05:30,26164.8,26180.7,26164.8,26174.8,649545,9.7,2535.0,26129.57609067904,0.00173075556847986,69.439163498095,13.775772735798327,26157.127636150635,26102.02454520744,0.0021088398354403553,645099.0,0.00689196541926123,0.00046057849423308816,1,26206.55,26120.65,0
2025-12-22 15:15:00+05:30,26174.95,26176.45,26160.95,26162.75,650910,9.68,1365.0,26132.73551061437,0.001148539898298799,59.891107078038225,13.896155043559975,26160.52782070149,26104.94320052725,0.0021270111638967888,647166.0,0.005785223574786068,-0.0004603664593425538,-1,26206.55,26119.05,0
2025-12-23 09:15:00+05:30,26205.2,26206.55,26141.55,26149.65,650585,9.66,-325.0,26134.346414365384,0.0005855736888145703,56.45851154833216,13.132328530242301,26160.61107142587,26108.0817573049,0.0020099723669422045,648804.0,0.0027450508936443054,-0.0005007118899962304,0,26206.55,26119.05,0
2025-12-23 09:30:00+05:30,26150.0,26151.7,26120.65,26124.5,651365,9.58,780.0,26133.4086606163,-0.0003408916430303106,43.330849478390505,13.920243683397766,26161.249147983097,26105.568173249503,0.0021306434019648718,649883.0,0.0022804104738852996,-0.0009617719548827841,-1,26196.6,26119.05,1
2025-12-23 09:45:00+05:30,26125.35,26175.6,26119.05,26174.0,652340,9.51,975.0,26137.274502462365,0.001405100502509343,65.98222494636796,14.556440742842415,26166.38738394805,26108.16162097668,0.0022276906861840515,650949.0,0.002136880154973738,0.0018947731057052941,1,26196.6,26119.05,0
2025-12-23 10:00:00+05:30,26174.2,26196.6,26172.95,26184.65,655005,9.53,2665.0,26141.786454608806,0.0016396563205663705,64.4458680333118,16.605312046224597,26174.997078701253,26108.575830516358,0.0025408075419874484,652041.0,0.004545726419044201,0.00040689233590596174,1,26196.6,26162.8,0
2025-12-23 10:15:00+05:30,26185.6,26186.4,26163.3,26172.6,656370,9.48,1365.0,26144.721077979397,0.0010663308259227517,59.73174366616862,16.980108137553284,26178.681294254504,26110.76086170429,0.0025978641098382458,653133.0,0.004956111542365797,-0.00046019328117818947,-1,26195.45,26162.8,0
2025-12-23 10:30:00+05:30,26173.0,26182.45,26162.8,26180.95,656760,9.48,390.0,26148.171451505168,0.0012535694343149115,59.76771888028495,18.040827053770332,26184.253105612708,26112.089797397628,0.002759784115264635,654368.0,0.003655435473617292,0.0003190359383478114,1,26196.95,26162.8,0
2025-12-23 10:45:00+05:30,26183.0,26188.55,26176.85,26178.55,657800,9.49,1040.0,26151.064646599916,0.00105102234924331,60.27027027026982,18.33652864882828,26187.737703897572,26114.39158930226,0.0028047085495942806,655655.0,0.003271537622682661,-9.166970640872574e-05,-1,26196.95,26166.8,0
2025-12-23 11:00:00+05:30,26180.6,26195.45,26171.6,26189.75,658775,9.5,975.0,26154.748965971354,0.0013382286358085238,62.65876375952479,19.593264820094138,26193.935495611542,26115.562436331165,0.0029965135349738613,656942.0,0.002790200656983417,0.0004278311823993075,1,26196.95,26157.55,0
2025-12-23 11:15:00+05:30,26190.85,26196.95,26184.65,26191.25,660010,9.48,1235.0,26158.225254926463,0.0012624994529136584,63.46967559943528,19.04880228296728,26196.322859492397,26120.12765036053,0.002912858513500149,657943.0,0.0031416095315247674,5.7274315333311066e-05,1,26196.95,26157.55,0
2025-12-23 11:30:00+05:30,26192.3,26192.3,26166.8,26170.25,659880,9.45,-130.0,26159.370468742993,0.0004158942307119714,53.472599023331206,18.442635100988394,26196.25573894497,26122.485198541017,0.0028200426494245224,658645.0,0.001875061679660515,-0.0008017944924354481,0,26195.45,26157.55,0
2025-12-23 11:45:00+05:30,26170.8,26184.15,26157.55,26177.95,660270,9.48,390.0,26161.139947910327,0.0006425580889496369,54.91587802313353,17.92570192400305,26196.991351758334,26125.28854406232,0.0027408135822361104,659347.0,0.0013998698712514048,0.0002942272236605703,1,26195.45,26157.55,0
2025-12-23 12:00:00+05:30,26178.8,26195.45,26177.55,26187.4,664885,9.46,4615.0,26163.6409052522,0.0009080958890179734,56.28345653836359,18.17675550762564,26199.99441626745,26127.287394236948,0.002778933646651129,660764.0,0.006236719918155348,0.00036099083388885234,1,26195.45,26167.1,0
2025-12-23 12:15:00+05:30,26187.8,26190.8,26174.7,26176.35,664950,9.46,65.0,26164.85129522818,0.00043947143601438793,50.39713041250299,17.514947563507448,26199.881190355198,26129.821400101166,0.0026776299801409263,661999.0,0.004457710661194352,-0.00042195865187089066,-1,26198.95,26167.1,0
2025-12-23 12:30:00+05:30,26177.0,26180.85,26167.1,26175.65,665275,9.49,325.0,26165.879743301688,0.0003733968356563508,53.50924918389574,16.695941832635313,26199.271626966958,26132.487859636418,0.002552322642529783,663052.0,0.003352678221315975,-2.6741696225629497e-05,-1,26198.95,26167.1,0
2025-12-23 12:45:00+05:30,26176.15,26193.35,26173.4,26182.8,665925,9.5,650.0,26167.491196320574,0.0005850313874024638,59.31965139162105,15.735110756548991,26198.96141783367,26136.020974807478,0.0024052914570214146,664261.0,0.0025050394348004774,0.0002731546303529342,1,26198.95,26173.4,0
2025-12-23 13:00:00+05:30,26185.45,26198.95,26181.25,26186.65,666315,9.49,390.0,26169.315844290042,0.0006623847491122507,69.84988821462709,15.701378584960453,26200.718601459965,26137.91308712012,0.0023999677604697035,665470.0,0.0012697792537605002,0.00014704309699498097,1,26198.95,26179.8,0
2025-12-23 13:15:00+05:30,26187.65,26195.8,26181.1,26191.9,667160,9.51,845.0,26171.46671626242,0.0007807466031272777,57.969723953695386,15.879175994293854,26203.22506825101,26139.708364273833,0.0024269447588013402,665925.0,0.0018545632015617374,0.00020048383432014205,1,26206.1,26179.8,0
2025-12-23 13:30:00+05:30,26192.3,26195.25,26179.8,26184.0,667680,9.48,520.0,26172.660362332666,0.0004332627065933825,49.703331811957376,15.74380747083847,26204.147977274344,26141.17274739099,0.0024061455355141727,666471.0,0.001814032418514834,-0.0003016199664782615,-1,26233.55,26179.8,0
2025-12-23 13:45:00+05:30,26184.4,26198.15,26180.45,26197.8,668590,9.51,910.0,26175.05461353908,0.0008689718816920676,61.320754716980794,16.48781368146302,26208.030240902004,26142.078986176155,0.002519622430576927,667134.0,0.002182470088467984,0.0005270394133822798,1,26233.55,26166.85,0
2025-12-23 14:00:00+05:30,26199.0,26206.1,26185.5,26203.4,669500,9.51,910.0,26177.754174154405,0.00097968013890654,60.34085674804209,17.135416347895845,26212.025006850195,26143.483341458614,0.0026183172527173373,667849.0,0.002472115702801082,0.0002137584071946197,1,26233.55,26158.7,0
2025-12-23 14:15:00+05:30,26203.95,26233.55,26201.85,26213.55,671515,9.46,2015.0,26181.163300425414,0.001237022939086077,65.04729148753187,17.33057440494304,26215.8244492353,26146.50215161553,0.002647792873995241,668889.0,0.003925912969117447,0.00038735431279901533,1,26233.55,26158.7,0
2025-12-23 14:30:00+05:30,26214.4,26216.7,26166.85,26167.2,672620,9.43,1105.0,26179.83346228966,-0.00048256465450229665,42.55529877847502,11.496879152967482,26202.827220595595,26156.839703983722,0.0017566008079506969,669981.0,0.00393891767079962,-0.0017681695153841659,-1,26216.7,26158.7,0
2025-12-23 14:45:00+05:30,26166.85,26191.65,26158.7,26189.1,674050,9.44,1430.0,26180.715989690645,0.00032023609715849246,49.374454466103735,11.276324463931097,26203.26863861851,26158.16334076278,0.0017228443207393056,671255.0,0.0041638423549917696,0.0008369256168025974,1,26222.45,26141.4,0
2025-12-23 15:00:00+05:30,26190.05,26206.65,26162.3,26184.0,675025,9.37,975.0,26181.02875257725,0.00011348856650472581,54.4084642513627,11.278588237291784,26203.585929051835,26158.471576102667,0.0017231696040487458,672542.0,0.003691962732439015,-0.00019473750529797051,-1,26229.55,26141.4,0
2025-12-23 15:15:00+05:30,26181.95,26187.65,26158.95,26165.95,678210,9.39,3185.0,26179.592680903228,-0.000521118913862208,46.39206253758259,11.75313479997424,26203.098950503176,26156.08641130328,0.0017957704603322122,674284.0,0.005822472430014653,-0.0006893522761991511,-1,26229.55,26141.4,0
2025-12-24 09:15:00+05:30,26170.65,26222.45,26141.4,26217.1,680355,9.44,2145.0,26183.16480653149,0.0012960692001618569,57.139423076922625,13.752161552397869,26210.669129636288,26155.660483426695,0.002100916623947276,676052.0,0.0063648950080763015,0.0019548306100103385,1,26229.55,26141.4,0
2025-12-24 09:30:00+05:30,26217.6,26229.55,26202.65,26215.7,681655,9.32,1300.0,26186.263396385635,0.0011241238648209957,59.91933450970624,15.06393283187706,26216.39126204939,26156.13553072188,0.0023010435057270124,677859.0,0.0055999846575762804,-5.3400261661229464e-05,-1,26236.4,26202.65,0
2025-12-24 09:45:00+05:30,26217.6,26227.25,26203.35,26221.85,682760,9.32,1105.0,26189.65259672986,0.0012293940574897258,61.33464180569179,16.82398252949703,26223.300561788852,26156.004631670865,0.0025695617713688184,679601.0,0.004648315702890373,0.0002345922481565843,1,26236.4,26203.35,0
2025-12-24 10:00:00+05:30,26222.6,26228.65,26203.6,26227.2,684385,9.36,1625.0,26193.228539898442,0.0012969558162641906,60.99009900990175,18.772990115847723,26230.774520130137,26155.682559666748,0.002866846305296287,681473.0,0.004273096659735602,0.00020402831989363435,1,26236.4,26201.05,0
2025-12-24 10:15:00+05:30,26228.5,26236.4,26221.05,26230.95,688480,9.39,4095.0,26196.821059908114,0.0013027893733304169,60.97077761267988,19.975494855745357,26236.772049619605,26156.870070196623,0.0030500639463184854,683527.0,0.007246238992753761,0.0001429813323572393,1,26236.4,26198.05,0
2025-12-24 10:30:00+05:30,26230.5,26235.35,26218.3,26218.3,688870,9.29,390.0,26198.8666732502,0.0007417621148338627,56.30673674151907,20.217620473901007,26239.301914198,26158.431432302397,0.0030867931389633014,685230.0,0.005312084993359893,-0.0004822547410597844,-1,26235.35,26198.05,0
2025-12-24 10:45:00+05:30,26220.1,26223.85,26201.05,26210.8,689520,9.27,650.0,26200.003180559703,0.00041209229502337343,56.41455241742472,20.319247259819367,26240.641675079343,26159.364686040062,0.0031021747775812573,686803.0,0.00395601067555034,-0.0002860597369013229,-1,26223.85,26184.15,0
2025-12-24 11:00:00+05:30,26211.6,26216.85,26198.05,26210.15,690235,9.23,715.0,26200.96954431592,0.00035038610569552037,53.15453384418975,19.8222328325763,26240.614009981073,26161.32507865077,0.003026183103499054,688298.0,0.0028141880406451856,-2.4798937842351876e-05,-1,26221.0,26178.65,0
2025-12-24 11:15:00+05:30,26210.3,26221.0,26205.25,26213.05,691015,9.26,780.0,26202.12006390488,0.0004171393791213003,52.499352499352135,19.18770491049029,26240.49547372586,26163.7446540839,0.002929183571969344,689624.0,0.002017041170260896,0.00011064415884676215,1,26221.0,26178.65,0
2025-12-24 11:30:00+05:30,26214.35,26217.45,26184.15,26185.45,692250,9.25,1235.0,26200.532438771083,-0.0005756539034589645,43.3254156769595,19.05997390497603,26238.652386581034,26162.41249096113,0.0029098605456996233,690378.0,0.002711558016043385,-0.0010529106685409628,-1,26217.45,26178.65,0
2025-12-24 11:45:00+05:30,26186.7,26197.95,26178.65,26192.85,693225,9.24,975.0,26199.80077793574,-0.0002652988850813912,57.47595453220638,18.851504895825194,26237.50378772739,26162.09776814409,0.0028781142353877845,691249.0,0.00285859364715175,0.0002825996879944892,1,26209.1,26178.65,0
2025-12-24 12:00:00+05:30,26193.3,26198.05,26185.85,26192.0,693810,9.25,585.0,26199.057846703763,-0.00026939314936666876,50.96345514950224,18.848693937594536,26236.75523457895,26161.360458828574,0.002877766681211525,692107.0,0.0024606021901237814,-3.245160415910053e-05,-1,26209.1,26185.85,0
2025-12-24 12:15:00+05:30,26191.85,26205.15,26190.45,26202.0,694005,9.23,195.0,26199.338051779596,0.00010160364415097665,55.79150579150628,18.366548539624663,26236.071148858846,26162.604954700346,0.0028041240589095646,692861.0,0.001651124828789613,0.0003817959682346217,1,26209.1,26173.2,0
2025-12-24 12:30:00+05:30,26201.9,26209.1,26187.85,26193.1,698035,9.24,4030.0,26198.74395161011,-0.0002154283281876895,59.282051282051235,18.46530958012797,26235.674570770367,26161.813332449856,0.002819266391432157,694265.0,0.005430203164497706,-0.00033966872757806854,-1,26209.1,26164.75,0
2025-12-24 12:45:00+05:30,26192.35,26198.15,26186.3,26193.1,703105,9.2,5070.0,26198.206432409148,-0.00019491534362567583,37.38170347003039,18.58754818053326,26235.381528770213,26161.031336048083,0.0028379878948565276,696436.0,0.009575897857089524,0.0,0,26198.15,26151.1,0
2025-12-24 13:00:00+05:30,26193.6,26194.25,26173.2,26181.05,704730,9.23,1625.0,26196.572486465422,-0.0005925388320721196,33.61702127659392,18.957264265084838,26234.487014995593,26158.65795793525,0.002894617496220912,698737.0,0.008576903756348956,-0.00046004482096428934,-1,26194.25,26147.0,0
2025-12-24 13:15:00+05:30,26181.0,26181.5,26164.75,26170.4,706160,9.26,1430.0,26194.079868706813,-0.0009040160534556815,26.666666666666444,18.67238250508654,26231.424633716986,26156.73510369664,0.0028513897183911367,701207.0,0.0070635347336806395,-0.0004067827684526293,-1,26181.5,26139.45,0
2025-12-24 13:30:00+05:30,26169.6,26171.35,26151.1,26160.1,709020,9.22,2860.0,26190.843690734735,-0.0011738335388413747,20.876736111108514,20.64300505958233,26232.1297008539,26149.55768061557,0.0031527056254221216,704210.0,0.006830348901606055,-0.00039357441995546694,-1,26171.35,26123.9,0
2025-12-24 13:45:00+05:30,26159.1,26168.65,26147.0,26152.35,709410,9.24,390.0,26187.177624950476,-0.001329949544363843,17.030201342279142,22.95741753185757,26233.09246001419,26141.26278988676,0.0035066654162813375,706485.0,0.004140215291195142,-0.0002962526901655327,-1,26168.65,26123.9,0
2025-12-24 14:00:00+05:30,26151.7,26168.4,26139.45,26158.5,715000,9.23,5590.0,26184.44642257424,-0.0009909097238684512,23.46938775510081,23.551969411348395,26231.550361396938,26137.342483751545,0.0035978563810374793,708864.0,0.008656103286384977,0.00023516051138816607,1,26168.4,26123.0,0
2025-12-24 14:15:00+05:30,26160.6,26162.5,26123.9,26138.35,714675,9.24,-325.0,26180.056287090978,-0.001593055669309017,21.100917431191192,26.46963938563767,26232.995565862253,26127.117008319703,0.004044244839716301,710853.0,0.00537663905195589,-0.0007703041076514427,0,26166.55,26123.0,0
2025-12-24 14:30:00+05:30,26139.05,26152.35,26124.2,26139.7,713505,9.24,-1170.0,26176.212831177552,-0.0013948859375892005,22.054740182466816,28.473528218428527,26233.15988761441,26119.265774740696,0.004351053897990091,712322.0,0.001660765777274884,5.1648248646118944e-05,0,26166.55,26123.0,0
2025-12-24 14:45:00+05:30,26140.3,26150.2,26123.0,26148.1,714090,9.23,585.0,26173.535418684452,-0.0009717991198963657,25.31356898517633,28.84513778228975,26231.22569424903,26115.845143119874,0.004408290637220948,713336.0,0.0010570053943723574,0.0003213502832855042,1,26166.55,26095.65,0
2025-12-24 15:00:00+05:30,26148.2,26166.55,26129.05,26154.8,715520,9.19,1430.0,26171.75109309546,-0.0006476866234576186,36.15002259376365,27.913974523152895,26227.579042141766,26115.923144049153,0.0042662754087581705,714558.0,0.0013462867954735654,0.0002562327664343833,1,26166.55,26081.7,0
2025-12-24 15:15:00+05:30,26155.9,26157.65,26129.9,26141.65,716885,9.16,1365.0,26168.884322324466,-0.0010407139253250824,28.006872852235205,26.83619707930244,26222.55671648307,26115.21192816586,0.004102000948723561,714935.0,0.002727520683698518,-0.0005027757811184586,-1,26157.65,26071.55,0
2025-12-26 09:15:00+05:30,26121.25,26144.2,26095.65,26132.85,720200,9.23,3315.0,26165.452482103086,-0.0012460125474760126,26.216324889425536,26.849391225974454,26219.151264555036,26111.753699651137,0.004104555997162951,716040.0,0.005809731299927378,-0.000336627565589942,-1,26144.2,26071.55,0
2025-12-26 09:30:00+05:30,26131.85,26137.2,26081.7,26085.7,721955,9.17,1755.0,26157.857007617076,-0.0027585213726057036,13.99380804953664,31.81884113714139,26221.49468989136,26094.219325342794,0.00486566481770668,717730.0,0.0058866147437058505,-0.0018042425529553041,-1,26137.2,26071.55,0
2025-12-26 09:45:00+05:30,26086.85,26095.15,26071.55,26090.6,722085,9.14,130.0,26151.45157832021,-0.0023268910384561356,17.460317460317455,34.45785030095803,26220.367278922127,26082.535877718296,0.005270506717038042,719329.0,0.003831348381616757,0.00018784238107460993,1,26102.1,26071.55,0
2025-12-26 10:00:00+05:30,26090.15,26102.1,26080.8,26091.45,724035,9.17,1950.0,26145.737142289716,-0.0020763286188595453,17.903378591728327,35.55389496754433,26216.844932224805,26074.629352354626,0.0054393409945268124,721032.0,0.0041648636953699695,3.2578783163428326e-05,1,26102.1,26078.45,0
2025-12-26 10:15:00+05:30,26090.35,26093.6,26078.45,26091.75,725270,9.15,1235.0,26140.5955096907,-0.0018685691254658103,19.542974079127575,37.48003117443756,26215.555572039575,26065.63544734182,0.0057351457292614495,722709.0,0.0035436116057777057,1.1498019466094078e-05,1,26097.6,26067.5,0
2025-12-26 10:30:00+05:30,26091.7,26097.6,26083.05,26093.1,729690,9.17,4420.0,26136.072127815394,-0.0016441693153143098,21.84996358339356,38.18102751153759,26212.434182838468,26059.71007279232,0.005843422427795103,724607.0,0.007014837008198927,5.1740492684304584e-05,1,26097.6,26057.9,0
2025-12-26 10:45:00+05:30,26093.35,26095.05,26081.5,26089.4,732550,9.13,2860.0,26131.627163261546,-0.00161594082900861,22.95332823259423,38.500387814108706,26208.627938889764,26054.62638763333,0.005893301258826539,726726.0,0.008014024542950162,-0.0001417999394475178,-1,26095.05,26049.8,0
2025-12-26 11:00:00+05:30,26089.6,26094.55,26067.5,26072.8,734760,9.15,2210.0,26126.024576284253,-0.0020372244590387586,21.497671085632504,38.460185410847764,26202.94494710595,26049.104205462558,0.005888409895435799,729261.0,0.007540510187710573,-0.0006362737356935266,-1,26094.55,26048.35,0
2025-12-26 11:15:00+05:30,26072.3,26074.45,26057.9,26067.15,736515,9.14,1755.0,26120.41747378099,-0.002039304074464307,17.152103559870042,38.575278079906084,26197.568029940805,26043.26691762118,0.005907298858240304,731757.0,0.006502158503437616,-0.00021670092970438315,-1,26074.45,26048.35,0
2025-12-26 11:30:00+05:30,26064.85,26067.75,26049.8,26053.15,738595,9.1,2080.0,26114.011047706612,-0.0023305897970030674,17.94582392776492,38.7697911258513,26191.550629958314,26036.47146545491,0.005938542501957912,734422.0,0.0056820193294863175,-0.0005370744404356032,-1,26067.75,26048.35,0
2025-12-26 11:45:00+05:30,26052.6,26063.35,26048.35,26056.5,740025,9.14,1430.0,26108.533805067887,-0.0019929807417139313,19.162342475905646,38.55934728639375,26185.652499640673,26031.4151104951,0.005907546946034672,736489.0,0.004801157926323407,0.00012858329990805828,1,26067.1,26034.3,0
2025-12-26 12:00:00+05:30,26056.65,26064.65,26050.1,26062.25,741910,9.14,1885.0,26104.12582363285,-0.001604184101615804,17.542533081284205,37.872896415373425,26179.8716164636,26028.380030802102,0.005803357932191209,738361.0,0.004806591897459373,0.00022067430391659038,1,26067.1,26032.65,0
2025-12-26 12:15:00+05:30,26062.0,26067.1,26050.65,26059.5,745420,9.14,3510.0,26099.875745191624,-0.0015469707819993305,12.860483242398587,37.40834861428081,26174.692442420186,26025.059047963063,0.005733107541122693,740493.0,0.006653675321711346,-0.00010551659967961147,-1,26067.1,26030.85,0
2025-12-26 12:30:00+05:30,26059.2,26060.8,26034.3,26039.75,746265,9.15,845.0,26094.149483744804,-0.0020847387181058457,12.231282431428511,38.21047484856595,26170.570433441935,26017.728534047674,0.005857324435482114,742443.0,0.005147869937490151,-0.0007578810030890448,-1,26060.8,26030.85,0
2025-12-26 12:45:00+05:30,26038.3,26043.25,26032.65,26038.25,746850,9.14,585.0,26088.825723388156,-0.0019385971574341762,12.931034482756658,37.70547426394123,26164.236671916038,26013.414774860274,0.005781091822793522,744094.0,0.003703833117858765,-5.760423967204886e-05,-1,26053.3,26030.85,0
2025-12-26 13:00:00+05:30,26038.05,26044.1,26030.85,26042.15,749515,9.1,2665.0,26084.38041639881,-0.0016189925052718045,24.184943687017253,37.66315175333974,26159.70671990549,26009.05411289213,0.005775586945459879,745992.0,0.00472257075142897,0.00014977965109030933,1,26054.35,26030.85,0
2025-12-26 13:15:00+05:30,26041.75,26053.1,26041.75,26049.45,753675,9.15,4160.0,26081.053710075113,-0.001211749740881989,26.282420749279794,36.471236954552964,26153.996183984218,26008.11123616601,0.005593522004130293,748345.0,0.007122383392686529,0.00028031479735735054,1,26054.35,26032.4,0
2025-12-26 13:30:00+05:30,26048.85,26053.3,26042.6,26048.7,756275,9.14,2600.0,26077.972404353673,-0.0011224954110613974,25.33179457587832,33.8112503659803,26145.594905085632,26010.349903621714,0.005186177796604275,750516.0,0.007673387376151874,-2.879139482792059e-05,-1,26054.35,26016.9,0
2025-12-26 13:45:00+05:30,26048.15,26054.35,26041.4,26049.2,756665,9.15,390.0,26075.232175367608,-0.0009983487469077588,25.50374208405195,29.113639754110075,26133.45945487583,26017.004895859387,0.004466098642314385,752596.0,0.005406619221999585,1.9194815864098658e-05,1,26054.35,26013.55,0
2025-12-26 14:00:00+05:30,26047.65,26053.65,26032.4,26044.15,759395,9.14,2730.0,26072.271968189743,-0.0010786159420265692,22.970734400883785,24.818633041484983,26121.909234272713,26022.634702106774,0.0038076670988650874,755105.0,0.005681329086683309,-0.0001938639190455227,-1,26053.65,26008.6,0
2025-12-26 14:15:00+05:30,26042.5,26046.0,26016.9,26026.0,762125,9.1,2730.0,26067.865114076434,-0.0016060047070685236,19.809523809523114,21.359066853151166,26110.583247782735,26025.146980370133,0.0032774554816331096,757627.0,0.005936958424132192,-0.000696893544231636,-1,26051.35,26008.6,0
2025-12-26 14:30:00+05:30,26025.85,26028.05,26013.55,26017.35,765440,9.13,3315.0,26063.05415083106,-0.001753599197030557,21.432251416794884,22.874389695522876,26108.802930222104,26017.305371440016,0.0035106230548644516,759980.0,0.007184399589462881,-0.0003323599477446093,-1,26052.45,26008.6,0
2025-12-26 14:45:00+05:30,26017.15,26039.8,26008.6,26038.95,771485,9.11,6045.0,26060.75851741858,-0.0008368335635358969,37.522123893805386,22.03497220318823,26104.828461824956,26016.688573012205,0.0033820922270485798,763022.0,0.011091423314137731,0.0008302152217656289,1,26106.8,26008.6,1
2025-12-26 15:00:00+05:30,26039.3,26051.35,26035.3,26048.3,776945,9.17,5460.0,26059.571991950143,-0.0004325470868679354,47.761882787262536,20.49674733490818,26100.56548661996,26018.578497280327,0.003146137218407027,767078.0,0.012863098667932074,0.00035907745896035514,1,26106.8,26031.05,0
2025-12-26 15:15:00+05:30,26048.25,26052.45,26031.05,26047.65,785135,9.13,8190.0,26058.436564145366,-0.00041393750230610976,45.81164221486113,18.545611446987927,26095.52778703934,26021.34534125139,0.0028467726989430506,772226.0,0.01671660886838827,-2.495364380772358e-05,-1,26106.8,26031.05,0
2025-12-29 09:15:00+05:30,26063.35,26106.8,26044.15,26052.95,787995,9.58,2860.0,26057.91403422676,-0.00019050006152599916,45.57984790874562,15.862902767331494,26089.639839761425,26026.188228692095,0.0024350226570701876,777400.0,0.01362876254180602,0.00020347324998604144,1,26106.8,26026.75,0
2025-12-29 09:30:00+05:30,26054.05,26082.3,26050.25,26080.4,789815,9.48,1820.0,26060.05555477659,0.0007806754356546935,58.04464973056244,14.782621375524833,26089.62079752764,26030.49031202554,0.0022690084208689515,782275.0,0.00963855421686747,0.0010536234860158977,1,26087.15,26017.8,0
2025-12-29 09:45:00+05:30,26079.75,26087.15,26035.6,26037.25,787800,9.56,-2015.0,26057.88359717882,-0.0007918370308882312,49.184605348988924,13.978041755234702,26085.839680689292,26029.92751366835,0.0021456910271483373,785538.0,0.002879555158375534,-0.001654499164123302,0,26087.15,26000.4,0
2025-12-29 10:00:00+05:30,26036.65,26042.7,26026.75,26034.55,790465,9.54,2665.0,26055.661349828457,-0.0008102404135904459,48.80258899676355,13.51465554385282,26082.690660916163,26028.63203874075,0.002074736136980411,788242.0,0.0028201998878517004,-0.00010369758711081811,-1,26042.7,25997.6,0
2025-12-29 10:15:00+05:30,26035.6,26037.75,26017.8,26028.05,793585,9.52,3120.0,26053.03169746384,-0.0009588787114657917,45.51241247612922,14.00383664517668,26081.039370754195,26025.024024173486,0.00215005098950391,789932.0,0.004624448686722402,-0.00024966822933369937,-1,26037.75,25979.0,0
2025-12-29 10:30:00+05:30,26028.5,26028.5,26000.4,26003.4,793845,9.67,260.0,26048.30486913395,-0.0017239075386881984,36.80137575236484,16.528347857244437,26081.361564848437,26015.248173419463,0.0025381072496320563,791102.0,0.0034673152134617282,-0.0009470551962209584,-1,26028.5,25964.85,0
2025-12-29 10:45:00+05:30,26003.65,26011.8,25997.6,26005.0,794885,9.63,1040.0,26044.1805958831,-0.0015043896558332337,37.535653166000884,17.81901704405794,26079.818629971214,26008.542561794984,0.002736736827400784,792116.0,0.003495700124729206,6.153041525336356e-05,1,26011.8,25964.85,0
2025-12-29 11:00:00+05:30,26004.35,26007.15,25979.0,25983.7,796900,9.64,2015.0,26038.420539132327,-0.00210153066120459,33.29933707292186,21.109698444470364,26080.639936021267,25996.201142243386,0.003242853907017158,793936.0,0.003733298401886298,-0.0008190732551431879,-1,26007.15,25964.85,0
2025-12-29 11:15:00+05:30,25983.9,25984.25,25964.85,25974.95,803075,9.66,6175.0,26032.37572588163,-0.0022059348899353647,32.68268268268244,25.06701754131347,26082.509760964258,25982.241690799,0.0038516680621496118,796458.0,0.008308033819736885,-0.0003367495776198659,-1,25990.1,25964.85,0
2025-12-29 11:30:00+05:30,25975.85,25978.1,25969.45,25976.0,811720,9.62,8645.0,26027.006609131,-0.001959757028420835,36.31636562671024,28.01003238964925,26083.0266739103,25970.9865443517,0.004304764325809607,800085.0,0.01454220489073036,4.042356193179053e-05,1,25990.1,25960.7,0
2025-12-29 11:45:00+05:30,25976.5,25990.1,25973.15,25977.65,821340,9.65,9620.0,26022.30597968995,-0.0017160654295896196,38.702333523051294,30.10082301280456,26082.50762571556,25962.10433366434,0.004626926304885941,805584.0,0.019558481797056545,6.352017246702424e-05,1,25990.1,25954.85,0
2025-12-29 12:00:00+05:30,25979.25,25988.1,25969.05,25979.9,824070,9.62,2730.0,26018.267314957575,-0.0014746299011047716,31.116085705148322,31.266229048975028,26080.799773055525,25955.734856859624,0.004806811871134963,811421.0,0.015588701795985068,8.6612915332962e-05,1,25988.1,25952.2,0
2025-12-29 12:15:00+05:30,25979.9,25982.05,25960.7,25971.15,827580,9.66,3510.0,26013.779951628283,-0.0016387449923675249,25.2327447833067,32.65081797550184,26079.081587579287,25948.47831567728,0.005020541887601876,817557.0,0.01225969565424796,-0.00033679883294390756,-1,25982.05,25952.0,0
2025-12-29 12:30:00+05:30,25972.3,25973.85,25954.85,25959.7,833690,9.67,6110.0,26008.629480044634,-0.001881278676455245,23.596517562293272,34.35764097572502,26077.344761996083,25939.914198093185,0.0052840371311507215,823680.0,0.012152777777777778,-0.00044087381575330653,-1,25973.85,25938.8,0
2025-12-29 12:45:00+05:30,25960.55,25964.55,25952.2,25961.45,843635,9.66,9945.0,26004.13619623086,-0.0016415156384638806,21.93251533742331,35.538949259503376,26075.214094749866,25933.05829771185,0.005466660994439067,830063.0,0.016350566161845548,6.741218118855308e-05,1,25972.0,25930.45,0
2025-12-29 13:00:00+05:30,25961.95,25972.0,25952.0,25954.35,862290,9.71,18655.0,25999.39465373268,-0.0017325270196710337,5.818436733262672,37.42552288417449,26074.24569950103,25924.543607964333,0.005757906810157337,838253.0,0.02867511359935485,-0.00027348241334756995,-1,25972.0,25930.45,0
2025-12-29 13:15:00+05:30,25954.7,25956.9,25938.8,25948.1,869895,9.71,7605.0,25994.509448615285,-0.0017853558155050487,7.848699763592691,39.52646173929122,26073.562372093867,25915.456525136702,0.006082278539231582,847418.0,0.02652410026692848,-0.00024080741763909952,-1,25961.05,25930.45,0
2025-12-29 13:30:00+05:30,25948.7,25950.6,25930.45,25940.4,879125,9.7,9230.0,25989.35616779478,-0.0018837006764886152,7.4943566591418005,40.94877062605959,26071.253709046898,25907.458626542662,0.006302390926759671,857727.0,0.024947331726761546,-0.0002967461972166463,-1,25972.45,25924.7,0
2025-12-29 13:45:00+05:30,25940.85,25958.3,25937.15,25950.45,888550,9.71,9425.0,25985.650818480994,-0.0013546252401713207,16.054243219596884,40.496499117648845,26066.643816716292,25904.657820245695,0.00623367094409631,868699.0,0.022851413435493767,0.00038742656242773954,1,25972.45,25924.7,0
2025-12-29 14:00:00+05:30,25950.75,25961.05,25943.0,25943.35,892190,9.68,3640.0,25981.62216910185,-0.001473047712446792,18.96640826873235,39.84672566283173,26061.315620427515,25901.928717776187,0.006134601666283769,878410.0,0.015687435252330916,-0.0002735983383718166,-1,25972.45,25920.3,0
2025-12-29 14:15:00+05:30,25942.95,25972.45,25924.7,25954.85,908245,9.72,16055.0,25979.0724387112,-0.0009323827387734764,26.488513830285626,37.412133111382246,26053.896704933963,25904.248172488435,0.005760349327273822,887601.0,0.023258198221948825,0.00044327351710560237,1,25972.45,25920.3,0
2025-12-29 14:30:00+05:30,25955.1,25958.0,25933.25,25936.1,915005,9.7,6760.0,25974.979825500606,-0.001496818313692699,27.13736791546532,31.062340860491027,26037.10450722159,25912.855143779623,0.004783424829457842,896623.0,0.020501370141073786,-0.0007224083360142242,-1,25958.0,25920.3,0
2025-12-29 14:45:00+05:30,25936.9,25943.3,25920.3,25934.2,925795,9.7,10790.0,25971.09603259579,-0.0014206575090046742,29.048843187660665,28.83786846996992,26028.771769535728,25913.42029565585,0.00444153276146303,905957.0,0.021897286515805938,-7.325696615900767e-05,-1,25956.15,25878.0,0
2025-12-29 15:00:00+05:30,25933.45,25951.05,25923.65,25944.05,934830,9.73,9035.0,25968.520219967617,-0.0009423032102076438,34.93635077793449,25.18832540759151,26018.8968707828,25918.143569152435,0.003879824525114577,915213.0,0.02143435462564452,0.00037980735862297443,1,25956.15,25878.0,0
2025-12-29 15:15:00+05:30,25943.35,25953.35,25936.0,25949.8,942695,9.74,7865.0,25966.737341875465,-0.0006522706974107082,37.35814798002599,20.792049815326184,26008.321441506116,25925.153242244814,0.0032028744376437056,925314.0,0.0187838938998005,0.00022163077854076008,1,25956.15,25878.0,0
2025-12-30 09:15:00+05:30,25940.9,25956.15,25878.0,25884.55,961870,9.88,19175.0,25958.909975982566,-0.002864526131927924,22.466069881604568,25.019750619249773,26008.949477221064,25908.870474744068,0.003855285240003909,936039.0,0.027596072385872812,-0.0025144702463988367,-1,25956.15,25878.0,1
2025-12-30 09:30:00+05:30,25884.75,25942.5,25881.25,25939.75,976235,9.89,14365.0,25957.08521636518,-0.0006678414090288712,42.850637522768295,22.486542612885295,26002.05830159095,25912.11213113941,0.0034651876241802806,948285.0,0.029474261429844405,0.0021325462486310176,1,25970.6,25881.25,0
2025-12-30 09:45:00+05:30,25939.95,25954.7,25906.3,25935.7,985140,9.9,8905.0,25955.048529092306,-0.0007454630289216435,44.344957587181824,21.606781799559926,25998.262092691424,25911.834965493188,0.0033298773108192156,960154.0,0.02602290882504265,-0.00015613103441625142,-1,25975.85,25906.3,0
2025-12-30 10:00:00+05:30,25935.55,25949.25,25922.1,25943.25,993265,9.9,8125.0,25953.924859654944,-0.00041130039917539003,45.82568807339426,20.89468501411541,25995.714229683173,25912.135489626715,0.0032202736390895834,971841.0,0.02204475835038859,0.00029110453930303315,1,25975.85,25922.1,0
2025-12-30 10:15:00+05:30,25943.75,25970.6,25943.4,25965.1,993655,9.81,390.0,25954.989158735425,0.0003895528987794097,52.30934479054786,20.2933958338838,25995.575950403192,25914.402367067658,0.0031274751393303656,982033.0,0.01183463284838697,0.0008422229288929106,1,25975.85,25910.35,0
2025-12-30 10:30:00+05:30,25965.95,25975.85,25947.5,25949.3,1000805,9.82,7150.0,25954.447334093955,-0.00019832185319523265,50.24762690879091,19.12048020199632,25992.688294497948,25916.20637368996,0.0029467751643287333,989820.0,0.011097977410034147,-0.0006085091141571075,-1,25975.85,25910.35,0
2025-12-30 10:45:00+05:30,25949.1,25949.95,25923.85,25927.45,1010230,9.8,9425.0,25951.87615941834,-0.000941209771050645,47.475141353090066,17.9727167131109,25987.821592844564,25915.93072599212,0.0027701606778188616,996619.0,0.013657174908365183,-0.000842026567190568,-1,25949.95,25892.5,0
2025-12-30 11:00:00+05:30,25927.6,25934.8,25910.35,25921.45,1020370,9.81,10140.0,25948.97842994993,-0.0010608675799797986,44.25515055467499,17.547059095241828,25984.072548140415,25913.884311759444,0.002704855475156613,1003665.0,0.01664399974094942,-0.0002314149675344268,-1,25934.8,25892.1,0
2025-12-30 11:15:00+05:30,25921.7,25928.05,25912.4,25914.95,1027910,9.82,7540.0,25945.737627097555,-0.0011866159883386599,44.36060365369366,18.0399585714711,25981.817544240497,25909.657709954612,0.0027811826097602216,1010594.0,0.01713447734698603,-0.00025075757721881864,-1,25928.05,25883.0,0
2025-12-30 11:30:00+05:30,25915.4,25915.4,25892.5,25907.95,1048060,9.81,20150.0,25942.138805469218,-0.0013178869223384687,40.517589971694434,18.637623944942536,25979.4140533591,25904.863557579334,0.002873722029582638,1021475.0,0.0260260897231944,-0.0002701143548414775,-1,25917.45,25881.8,0
2025-12-30 11:45:00+05:30,25907.95,25917.45,25892.1,25898.8,1055730,9.84,7670.0,25938.011300186434,-0.0015117311706218854,42.1539755994951,20.04221515090777,25978.09573048825,25897.926869884617,0.0030907867097373417,1032460.0,0.022538403424830017,-0.0003531734467605574,-1,25917.45,25881.8,0
2025-12-30 12:00:00+05:30,25899.95,25905.3,25883.0,25884.8,1062815,9.84,7085.0,25932.943557311537,-0.001856463274411598,40.11208967173693,22.611192355430997,25978.1659420224,25887.721172600675,0.003487639928797181,1042977.0,0.019020553665133555,-0.0005405655860503122,-1,25913.65,25881.8,0
2025-12-30 12:15:00+05:30,25885.45,25895.6,25881.8,25885.9,1069185,9.85,6370.0,25928.463218519963,-0.0016415634880188113,37.938187098112834,24.650455717953097,25977.764129955867,25879.162307084058,0.0038028409952727527,1052740.0,0.015621141022474685,4.2495982198076376e-05,1,25913.65,25879.9,0
2025-12-30 12:30:00+05:30,25886.0,25906.65,25884.45,25899.75,1079520,9.87,10335.0,25925.728626279968,-0.001002040353598179,39.95584988962477,24.889611418752473,25975.50784911747,25875.949403442464,0.0038401407000028826,1063062.0,0.015481693447795142,0.0005350403115209623,1,25913.65,25879.9,0
2025-12-30 12:45:00+05:30,25900.25,25913.65,25890.25,25892.2,1085630,9.84,6110.0,25922.535423777113,-0.0011702336704799315,51.99791068164052,25.635434460870652,25973.806292698853,25871.264554855374,0.003955698629287026,1070576.0,0.014061589275306003,-0.00029150860529536526,-1,25940.85,25879.9,0
2025-12-30 13:00:00+05:30,25892.8,25896.65,25879.9,25890.35,1093105,9.88,7475.0,25919.47014532215,-0.0011234853628906674,32.11440984793556,25.540243785626714,25970.550632893403,25868.389657750897,0.00394147621728847,1078051.0,0.013964088897464035,-7.145008921616292e-05,-1,25960.35,25879.9,1
2025-12-30 13:15:00+05:30,25891.2,25902.9,25887.8,25898.8,1098110,9.86,5005.0,25917.501560053373,-0.0007215803579693355,37.05263157894686,25.684917241095174,25968.871394535563,25866.131725571184,0.003964103898144712,1085110.0,0.011980352222355337,0.0003263764298280236,1,25960.35,25887.8,0
2025-12-30 13:30:00+05:30,25898.55,25940.85,25898.2,25935.35,1101685,9.71,3575.0,25919.20141147686,0.0006230357280987538,47.69679300291503,25.72339645143491,25970.64820437973,25867.754618573992,0.003969782254177665,1091610.0,0.009229486721448136,0.001411262297867033,1,25960.35,25898.2,0
2025-12-30 13:45:00+05:30,25935.5,25960.35,25933.2,25938.25,1105195,9.77,3510.0,25921.015562764776,0.0006648827934033825,41.19960668633299,25.450997679706724,25971.91755812419,25870.113567405362,0.003927469217875428,1096745.0,0.007704616843477745,0.00011181649756042411,1,25960.35,25915.45,0
2025-12-30 14:00:00+05:30,25938.0,25951.3,25932.15,25943.6,1108315,9.79,3120.0,25923.16646154908,0.0007882346657467961,47.994370161857624,25.08055377437432,25973.32756909783,25873.005354000332,0.003869983061147348,1101282.0,0.0063861935453407934,0.00020625909612248527,1,25958.35,25915.45,0
2025-12-30 14:15:00+05:30,25942.25,25958.35,25915.85,25916.6,1113190,9.71,4875.0,25922.541084258693,-0.0002291860292316245,46.31578947368356,23.832927796771287,25970.206939852236,25874.87522866515,0.0036775604242353854,1105299.0,0.007139244674970302,-0.0010407190983517944,-1,25958.35,25915.45,0
2025-12-30 14:30:00+05:30,25916.65,25946.35,25915.45,25942.8,1116505,9.75,3315.0,25924.470504805486,0.0007070345059165602,56.375037324573896,23.978868301020594,25972.428241407528,25876.512768203444,0.0036998045219980447,1108978.0,0.006787330316742082,0.0010109350763602976,1,25976.75,25915.45,0
2025-12-30 14:45:00+05:30,25942.6,25954.85,25930.8,25938.2,1127295,9.75,10790.0,25925.77807577639,0.0004791340953125245,57.02204771972201,24.07344723631818,25973.924970249027,25877.631181303754,0.0037142101835410234,1114100.0,0.011843640606767795,-0.0001773131658879823,-1,26028.0,25915.45,1
2025-12-30 15:00:00+05:30,25937.05,25957.35,25915.45,25942.0,1137240,9.67,9945.0,25927.323020940545,0.0005660815444618512,60.48660301817026,24.010745401476655,25975.344511743497,25879.301530137593,0.003704315386834718,1120509.0,0.014931606975044377,0.00014650207030553197,1,26028.0,25915.45,1
2025-12-30 15:15:00+05:30,25940.45,25976.75,25936.6,25970.55,1145430,9.61,8190.0,25931.43987608906,0.0015082125827883674,69.73865199449794,24.577586467687247,25980.595049024436,25882.284703153688,0.0037911641752449918,1127932.0,0.015513346549260062,0.0011005319559016513,1,26028.0,25936.6,0
2025-12-31 09:15:00+05:30,25971.05,26028.0,25970.75,26016.3,1154400,9.58,8970.0,25939.52179265201,0.0029598929371835803,80.79625292740047,32.17895060190455,26003.87969385582,25875.1638914482,0.004962150167474622,1136174.0,0.01604155701503467,0.0017616107475582066,1,26028.0,25969.0,0
2025-12-31 09:30:00+05:30,26013.1,26023.9,25972.05,25973.25,1155310,9.52,910.0,25942.73400287563,0.0011762830055223798,67.09727931101969,34.064089267574616,26010.86218141078,25874.60582434048,0.005252197284033183,1143935.0,0.00994374680379567,-0.0016547318411918033,-1,26023.9,25969.0,0
2025-12-31 09:45:00+05:30,25973.65,25996.2,25969.0,25985.1,1157390,9.48,2080.0,25946.768859744618,0.0014772991759621418,66.8376405602682,36.54002671905555,26019.84891318273,25873.688806306505,0.0056330754579228684,1149954.0,0.006466345610346153,0.00045623863012900223,1,26047.25,25969.0,0
2025-12-31 10:00:00+05:30,25984.7,26000.95,25971.75,25997.0,1156675,9.48,-715.0,25951.55277786418,0.0017512332508513384,70.32583397982924,39.40024537390682,26030.353268611994,25872.752287116367,0.006072892163510746,1153841.0,0.002456144304111225,0.00045795475099197347,0,26047.45,25971.75,0
2025-12-31 10:15:00+05:30,25998.35,26020.2,25998.35,26018.1,1155765,9.38,-910.0,25957.890608543785,0.0023195024728394705,73.05540516152355,43.24352735257083,26044.377663248928,25871.40355383864,0.006663642744274211,1155908.0,-0.0001237122677583337,0.0008116321113973424,0,26057.5,25998.35,0
2025-12-31 10:30:00+05:30,26016.45,26047.25,26015.6,26040.95,1160510,9.41,4745.0,25965.80102677771,0.002894151932566688,74.38668725338873,47.83322253026117,26061.467471838234,25870.134581717186,0.007368649629708415,1157130.0,0.002921020110099989,0.0008782347673350621,1,26064.0,26015.6,0
2025-12-31 10:45:00+05:30,26042.4,26047.45,26029.9,26044.65,1157780,9.42,-2730.0,25973.31045279888,0.0027466482307200108,71.13302397525203,50.44191839707299,26074.194289593026,25872.426616004734,0.007768269430073744,1157624.0,0.0001347587817806127,0.0001420839101491378,0,26071.4,26029.9,0
2025-12-31 11:00:00+05:30,26043.7,26057.5,26043.15,26055.8,1155440,9.37,-2340.0,25981.166600151366,0.002872596176962993,72.02548248079474,52.71606266742665,26086.59872548622,25875.734474816512,0.008116042436234502,1157234.0,-0.001550248264395965,0.00042811095560879586,0,26080.65,26040.35,0
2025-12-31 11:15:00+05:30,26055.45,26064.0,26043.5,26044.55,1157650,9.39,2210.0,25987.203114422664,0.002206735573845126,68.5059578368473,53.654627504343345,26094.51236943135,25879.893859413976,0.008258622871895894,1157429.0,0.00019094043781519213,-0.00043176567213443207,-1,26091.8,26040.35,0
2025-12-31 11:30:00+05:30,26044.5,26071.4,26040.35,26068.55,1159990,9.36,2340.0,25994.950436858602,0.0028313023069680195,78.16496756255845,54.80922145567607,26104.568879769955,25885.33199394725,0.008433825883039441,1158274.0,0.0014815147365821904,0.0009214979717446781,1,26099.3,26040.35,0
2025-12-31 11:45:00+05:30,26068.7,26080.65,26058.75,26070.6,1161940,9.34,1950.0,26002.155157157784,0.0026322757643946083,76.01791530944665,54.44996737709724,26111.055091911978,25893.25522240359,0.008376223747300912,1158560.0,0.0029174147217235187,7.863881957370644e-05,1,26123.35,26058.75,0
2025-12-31 12:00:00+05:30,26070.6,26091.8,26067.7,26089.55,1163825,9.37,1885.0,26010.47847552371,0.0030399873093721872,79.11136757068672,54.88269278291623,26120.24386108954,25900.713089957877,0.008440089686863921,1159769.0,0.0034972481589006085,0.0007268724156712647,1,26154.4,26067.7,0
2025-12-31 12:15:00+05:30,26089.9,26099.3,26083.55,26095.55,1167010,9.39,3185.0,26018.58052547383,0.002958250333864737,79.28666793820342,57.119649294486535,26132.819824062804,25904.341226884855,0.008781362878511159,1162083.0,0.004239800427336085,0.00022997713643979623,1,26156.45,26083.55,0
2025-12-31 12:30:00+05:30,26095.6,26123.35,26092.05,26122.6,1174420,9.51,7410.0,26028.487142095368,0.0036157636589037056,79.16746595050844,60.616909877994075,26149.720961851355,25907.25332233938,0.009315471859285928,1165437.0,0.007707838347332374,0.0010365752015188967,1,26160.4,26092.05,0
2025-12-31 12:45:00+05:30,26121.4,26154.4,26120.9,26147.25,1180335,9.6,5915.0,26039.797890467238,0.004126457124772783,77.33249843456505,65.13745481469124,26170.07280009662,25909.522980837857,0.010005831088041785,1169506.0,0.00925946510748983,0.0009436273571543641,1,26164.2,26120.9,0
2025-12-31 13:00:00+05:30,26147.3,26156.45,26142.4,26155.35,1185275,9.6,4940.0,26050.80285327988,0.004013202483966978,94.50146627565978,66.28647972804146,26183.375812735965,25918.2298938238,0.01017803253149199,1174173.0,0.009455165465395644,0.000309784011702785,1,26179.3,26135.9,0
2025-12-31 13:15:00+05:30,26154.5,26160.4,26143.25,26156.2,1186380,9.54,1105.0,26060.840676777036,0.003659103879482302,94.18904958677693,67.66660316736642,26196.17388311177,25925.507470442302,0.010385943263551708,1178684.0,0.006529315745356686,3.249813135752788e-05,1,26179.3,26135.9,0
2025-12-31 13:30:00+05:30,26156.6,26164.2,26135.9,26149.0,1187355,9.53,975.0,26069.236802798274,0.0030596675232611474,90.23292747485411,66.29593720186101,26201.828677201996,25936.64492839455,0.010172286623250143,1182753.0,0.0038909222804761434,-0.00027526934340615927,-1,26179.3,26135.9,0
2025-12-31 13:45:00+05:30,26146.5,26179.3,26146.5,26167.9,1186445,9.58,-910.0,26078.63329776987,0.003422982378365885,90.11783610069614,64.874223654209,26208.381745078288,25948.88485046145,0.009950555753971526,1185158.0,0.0010859311585459492,0.0007227809858885159,0,26185.3,26144.4,0
2025-12-31 14:00:00+05:30,26168.95,26173.65,26154.15,26167.0,1187225,9.58,780.0,26087.04917417274,0.003064770771636999,88.25493171471821,64.14072701366598,26215.33062820007,25958.767720145406,0.00983487654512769,1186536.0,0.0005806819177842055,-3.439328337395686e-05,-1,26187.95,26144.4,0
2025-12-31 14:15:00+05:30,26166.0,26167.85,26144.4,26160.25,1188200,9.49,975.0,26094.020681394384,0.002538103246497341,84.44576877234701,64.89389842374358,26223.80847824187,25964.2328845469,0.009947703991821195,1187121.0,0.0009089216684735591,-0.0002579584973440019,-1,26187.95,26115.05,0
2025-12-31 14:30:00+05:30,26160.0,26185.3,26155.1,26184.0,1190475,9.59,2275.0,26102.590140309207,0.003118842201221837,85.53215077605242,62.79097000742516,26228.172080324057,25977.008200294356,0.009622182269254497,1187940.0,0.002133946158896914,0.000907865941648156,1,26187.95,26115.05,0
2025-12-31 14:45:00+05:30,26184.15,26187.95,26170.25,26175.9,1190215,9.56,-260.0,26109.572031708332,0.002540369800436338,87.05218617771494,59.46132505781684,26228.494681823966,25990.6493815927,0.009109505890882467,1188512.0,0.0014328841442072103,-0.00030934922089820294,0,26195.35,26115.05,0
2025-12-31 15:00:00+05:30,26174.55,26174.55,26115.05,26122.95,1193465,9.48,3250.0,26110.84612392659,0.00046355740507085535,63.191076624636345,53.757237211666805,26218.360598349922,26003.331649503256,0.008235234807256015,1189916.0,0.0029825634750688286,-0.0020228530824155655,-1,26195.35,26115.05,1
2025-12-31 15:15:00+05:30,26124.2,26141.85,26121.55,26141.85,1195545,9.43,2080.0,26113.79887402882,0.0010741878692753636,65.9717552118357,49.34087521624575,26212.48062446131,26015.11712359633,0.0075578241916102636,1191580.0,0.0033275147283438797,0.000723501748462585,1,26197.55,26121.55,0
2026-01-01 09:15:00+05:30,26173.3,26195.35,26149.25,26187.2,1198860,9.33,3315.0,26120.789457454648,0.002542440099428146,69.5730607336139,48.14004815994742,26217.06955377454,26024.509361134755,0.007371913201682795,1193712.0,0.004312598013591218,0.0017347662847122525,1,26197.55,26147.0,0
2026-01-01 09:30:00+05:30,26184.0,26188.95,26162.75,26181.55,1200875,9.32,2015.0,26126.576175792303,0.0021041342668785164,67.26214371738217,45.736543606318286,26218.04926300494,26035.103088579664,0.007002301916421269,1195792.0,0.004250739259001566,-0.00021575426162401268,-1,26197.55,26117.7,0
2026-01-01 09:45:00+05:30,26178.25,26197.55,26153.5,26157.2,1202370,9.35,1495.0,26129.492730478752,0.001060382985886637,57.0211038961042,42.31634933512912,26214.12542914901,26044.860031808494,0.006477944255805548,1198223.0,0.00346095843595057,-0.0009300442487171212,-1,26197.55,26117.7,0
2026-01-01 10:00:00+05:30,26157.45,26179.1,26147.0,26151.15,1201395,9.28,-975.0,26131.555327576014,0.0007498471552249976,50.856014047410326,36.31335624953109,26204.182040075077,26058.92861507695,0.005558544953688344,1199809.0,0.0013218770654329147,-0.00023129386937437157,0,26185.6,26117.7,0
2026-01-01 10:15:00+05:30,26151.65,26159.75,26117.7,26157.35,1200680,9.25,-715.0,26134.011963044966,0.0008930139386189022,50.44267374944665,31.952248088278267,26197.916459221524,26070.10746686841,0.004890523220615519,1200836.0,-0.00012990949638418567,0.00023708326402460678,0,26185.6,26117.7,0
2026-01-01 10:30:00+05:30,26158.7,26173.5,26147.6,26161.35,1201265,9.26,585.0,26136.61558561211,0.0009463510800343723,51.12420868805891,26.508718898350786,26189.633023408813,26083.59814781541,0.004056947436292162,1201317.0,-4.328582713804933e-05,0.00015292068959582572,1,26185.6,26147.6,0
2026-01-01 10:45:00+05:30,26161.1,26185.6,26160.95,26170.95,1202435,9.26,1170.0,26139.88552983953,0.001188393504057671,54.741844890905305,22.42105727236772,26184.727644384264,26095.043415294793,0.003430934270431046,1201629.0,0.0006707561152402281,0.0003669535402417434,1,26185.6,26142.6,0
2026-01-01 11:00:00+05:30,26171.05,26180.65,26157.45,26170.5,1203215,9.25,780.0,26142.801193664338,0.0010595194497510405,50.610328638497315,17.595427785299602,26177.992049234937,26107.61033809374,0.0026922023627007474,1201798.0,0.001179066698396902,-1.7194637565776105e-05,-1,26180.65,26133.4,0
2026-01-01 11:15:00+05:30,26170.5,26177.75,26158.5,26165.8,1203345,9.27,130.0,26144.991556172496,0.0007958864237074518,49.723247232472154,15.351925132162116,26175.69540643682,26114.287705908173,0.002348736674735999,1202188.0,0.0009624118690254768,-0.00017959152480850893,-1,26177.75,26123.95,0
2026-01-01 11:30:00+05:30,26165.75,26173.85,26142.6,26144.85,1203930,9.23,585.0,26144.978074632258,-4.898632230384351e-06,46.66666666666635,15.478321852474046,26175.934718337205,26114.02143092731,0.002368075705902651,1202838.0,0.0009078529278256923,-0.0008006634614650121,-1,26173.85,26113.4,0
2026-01-01 11:45:00+05:30,26144.1,26154.1,26133.4,26151.3,1206595,9.22,2665.0,26145.58016276252,0.00021876880152871622,42.349087505849184,15.587949757165978,26176.75606227685,26114.404263248187,0.002384793094684024,1203904.0,0.0022352280580511404,0.0002467025054648797,1,26158.2,26113.4,0
2026-01-01 12:00:00+05:30,26151.15,26158.2,26123.95,26125.0,1205945,9.31,-650.0,26143.620147261325,-0.0007122252831261129,39.02544200086219,17.553298348033238,26178.72674395739,26108.513550565258,0.002685672182989121,1204606.0,0.0011115667695495456,-0.0010056861417978569,0,26162.55,26113.4,0
2026-01-01 12:15:00+05:30,26124.35,26155.9,26113.4,26150.6,1206140,9.25,195.0,26144.284895141198,0.00024154819625509276,56.758738694695175,17.505775550712166,26179.29644624262,26109.273344039775,0.0026783330461587463,1205191.0,0.0007874270551306806,0.0009799043062199697,1,26162.55,26113.4,0
2026-01-01 12:30:00+05:30,26150.15,26155.35,26126.85,26142.3,1206010,9.22,-130.0,26144.095857508702,-6.869074832386734e-05,50.11600928074265,17.810415898400723,26179.716689305504,26108.4750257119,0.002724961841552516,1205724.0,0.00023720188036399707,-0.00031739233516625553,0,26167.95,26126.85,0
2026-01-01 12:45:00+05:30,26141.6,26162.55,26140.5,26151.6,1206335,9.23,325.0,26144.810537745972,0.0002596868026342749,38.727042431918086,17.754238004081696,26180.319013754135,26109.30206173781,0.0027162924708823677,1206205.0,0.0001077760413859999,0.0003557452863749422,1,26167.95,26129.7,0
2026-01-01 13:00:00+05:30,26152.45,26158.7,26144.35,26151.45,1206335,9.23,0.0,26145.442867484453,0.00022975830036592827,40.1246719160106,17.796253856250225,26181.035375196952,26109.850359771954,0.002722654796317385,1206153.0,0.00015089296299888985,-5.735786720473257e-06,0,26167.95,26129.7,0
2026-01-01 13:15:00+05:30,26150.8,26167.95,26129.7,26154.45,1206855,9.2,520.0,26146.30068962879,0.0003116811998739711,48.95078214421972,16.647428282511132,26179.595546193814,26113.00583306377,0.002546812029759067,1206335.0,0.0004310577078506385,0.00011471639239890585,1,26176.2,26129.7,0
2026-01-01 13:30:00+05:30,26155.35,26161.35,26137.95,26146.8,1207115,9.2,260.0,26146.34824299748,1.7278015205852517e-05,48.360346777232465,16.056172775939245,26178.46058854936,26114.2358974456,0.00245635415343169,1206530.0,0.0004848615450921237,-0.0002924932468471031,-1,26178.0,26137.95,0
2026-01-01 13:45:00+05:30,26146.1,26163.2,26139.25,26157.4,1207310,9.17,195.0,26147.400791283435,0.0003824169291771388,50.01824151769534,14.262522429532934,26175.9258361425,26118.875746424368,0.0021818646592647955,1206790.0,0.00043089518474631047,0.00040540333807581597,1,26178.0,26139.25,0
2026-01-01 14:00:00+05:30,26157.1,26176.2,26153.2,26168.0,1207375,9.17,65.0,26149.362620685013,0.0007127278620643747,52.314653672120215,14.09153908146715,26177.54569884795,26121.179542522077,0.002155546088962203,1206998.0,0.00031234517372853975,0.0004052390528110905,1,26178.0,26149.3,0
2026-01-01 14:15:00+05:30,26166.85,26178.0,26151.9,26152.4,1208090,9.18,715.0,26149.651894905488,0.0001050914599382808,43.80220514533928,12.236894170812201,26174.12568324711,26125.178106563864,0.0018718251730449804,1207349.0,0.0006137413457086559,-0.0005961479669824854,-1,26178.0,26135.95,0
2026-01-01 14:30:00+05:30,26152.15,26166.35,26149.3,26159.65,1208155,9.21,65.0,26150.60409539068,0.0003459157033743082,46.5324384787476,10.672417720473595,26171.94893083163,26129.259259949733,0.0016324544827406586,1207609.0,0.0004521330993723962,0.000277221211055112,1,26168.6,26126.8,0
2026-01-01 14:45:00+05:30,26160.35,26165.8,26150.9,26160.4,1207895,9.22,-260.0,26151.53703868681,0.00033890785463513046,48.22950819672199,10.738728484972775,26173.014495656753,26130.059581716865,0.0016425387875421314,1207765.0,0.0001076368333243636,2.8670108353834323e-05,0,26210.4,26118.4,0
2026-01-01 15:00:00+05:30,26163.2,26168.6,26135.95,26142.85,1208480,9.2,585.0,26150.709701669017,-0.0003005540483865576,49.32930918846411,11.037925052923889,26172.785551774865,26128.63385156317,0.0016883557163604726,1207999.0,0.00039817913756551125,-0.00067086130181504,-1,26249.65,26118.4,1
2026-01-01 15:15:00+05:30,26142.55,26146.2,26126.8,26140.25,1206140,9.16,-2340.0,26149.7135396053,-0.00036189840439241065,46.196213425129244,11.440117546334836,26172.593774697973,26126.83330451263,0.0017499415477739205,1207752.0,-0.0013347110996297254,-9.945357908558439e-05,0,26272.85,26118.4,1
2026-01-02 09:15:00+05:30,26155.1,26210.4,26118.4,26208.1,1206530,9.26,390.0,26155.274154880986,0.002019701449359654,72.24304068522497,16.71231247189248,26188.698779824772,26121.8495299372,0.0025558611808737656,1207440.0,-0.0007536606373815676,0.002595614043476857,1,26272.85,26118.4,0
2026-01-02 09:30:00+05:30,26207.0,26249.65,26195.9,26248.05,1208220,9.25,1690.0,26164.109949654227,0.003208213484322331,74.22321650509615,26.457965047863635,26217.025879749955,26111.194019558498,0.0040449249141324825,1207453.0,0.0006352214123448284,0.0015243378955360765,1,26272.85,26195.9,0
2026-01-02 09:45:00+05:30,26248.35,26272.85,26243.65,26254.6,1209195,9.31,975.0,26172.728049687157,0.0031281397245794553,78.15947843530604,33.91561228371467,26240.559274254585,26104.89682511973,0.005183351497685289,1207713.0,0.001227112732909226,0.0002495423469552893,1,26272.85,26235.05,0
2026-01-02 10:00:00+05:30,26254.1,26261.0,26238.65,26254.65,1210235,9.29,1040.0,26180.530140193143,0.0028311061468181474,77.09702866158352,39.544409079843824,26259.618958352832,26101.441322033454,0.006041804175559433,1208064.0,0.0017970902203856749,1.9044281764912796e-06,1,26267.85,26235.05,0
2026-01-02 10:15:00+05:30,26254.9,26266.2,26243.9,26247.1,1211535,9.37,1300.0,26186.870126841415,0.002300002744384791,74.20906099721454,42.834763535073165,26272.53965391156,26101.20059977127,0.006542937483951918,1209143.0,0.0019782606358387717,-0.00028756810698304935,-1,26267.85,26235.05,0
2026-01-02 10:30:00+05:30,26246.8,26259.95,26235.05,26253.65,1209000,9.35,-2535.0,26193.230114761278,0.002306698523779001,74.66434609646845,46.05497030152233,26285.340055364322,26101.120174158234,0.007033110479271171,1209637.0,-0.0005266042622704166,0.00024955137900950497,0,26275.05,26235.05,0
2026-01-02 10:45:00+05:30,26253.7,26267.85,26252.05,26263.35,1208415,9.37,-585.0,26199.908199069727,0.002421451268005753,78.6857002215103,47.952864123345556,26295.81392731642,26104.002470823034,0.007321073609723425,1209676.0,-0.0010424278897820573,0.0003694724352611978,0,26289.05,26243.3,0
2026-01-02 11:00:00+05:30,26262.7,26265.05,26243.3,26254.05,1209650,9.32,1235.0,26205.06456106309,0.0018693118966665492,73.94104533069032,49.556121561427844,26304.176804185943,26105.952317940235,0.007564357866160001,1209767.0,-9.671283809196316e-05,-0.0003541056262814646,-1,26298.7,26243.3,0
2026-01-02 11:15:00+05:30,26253.3,26275.05,26252.75,26273.25,1211730,9.39,2080.0,26211.558412390415,0.0023536024313770836,75.00593965312373,51.459180233110104,26314.476772856637,26108.640051924194,0.007852899003332123,1210066.0,0.0013751316043918267,0.0007313157398574077,1,26298.7,26252.75,0
2026-01-02 11:30:00+05:30,26273.35,26289.05,26270.7,26285.5,1210690,9.41,-1040.0,26218.60046835323,0.0025516057475119614,82.13423466924066,53.880998200719176,26326.362464754668,26110.838471951793,0.008220270683899395,1209897.0,0.0006554276934317549,0.0004662536991046906,0,26301.1,26270.7,0
2026-01-02 11:45:00+05:30,26285.6,26298.7,26278.1,26280.0,1212380,9.42,1690.0,26224.44804279578,0.002118327032605826,79.30362795227542,54.96428625169842,26334.376615299174,26114.519470292384,0.008383671017517871,1210573.0,0.0014926815648457384,-0.00020924083620244005,-1,26312.4,26275.05,0
2026-01-02 12:00:00+05:30,26280.7,26291.2,26275.05,26287.6,1213875,9.42,1495.0,26230.462514910465,0.0021782873655794024,79.9717247879346,55.90874913878883,26342.280013188043,26118.645016632887,0.008525774047180181,1211665.0,0.0018239364840942009,0.00028919330289189915,1,26312.4,26275.05,0
2026-01-02 12:15:00+05:30,26287.1,26301.1,26277.0,26297.85,1215045,9.38,1170.0,26236.880370633276,0.0023238139788511166,87.82332845290358,56.145183277500614,26349.170737188277,26124.590004078276,0.008559734615452674,1212744.0,0.0018973501414972986,0.0003899176798185522,1,26312.4,26277.0,0
2026-01-02 12:30:00+05:30,26297.45,26312.4,26296.5,26303.05,1218490,9.44,3445.0,26243.182240096772,0.002281269068495649,89.22891566264974,56.437800590804756,26356.057841278383,26130.30663891516,0.008602280024497139,1214096.0,0.003619153674832962,0.00019773479581042253,1,26314.55,26286.7,0
2026-01-02 12:45:00+05:30,26301.65,26304.25,26286.7,26295.7,1219985,9.42,1495.0,26248.183931516127,0.0018102611825582876,79.79591836734694,56.072207852217545,26360.328347220562,26136.03951581169,0.008544927603146192,1215955.0,0.003314267386539798,-0.00027943527461637974,-1,26314.55,26286.7,0
2026-01-02 13:00:00+05:30,26294.95,26305.9,26290.2,26302.75,1223820,9.44,3835.0,26253.38069994316,0.0018804930542505385,73.9702015775634,54.0184578590968,26361.417615661354,26145.34378422497,0.008230324083056174,1218243.0,0.004577904408233825,0.00026810467110593983,1,26314.55,26290.2,0
2026-01-02 13:15:00+05:30,26302.75,26314.55,26300.2,26302.5,1224730,9.45,910.0,26258.058728520005,0.0016924812279334664,72.21706864564015,51.43522721526209,26360.92918295053,26155.18827408948,0.00783534346496023,1220414.0,0.0035365048254117045,-9.504709583607607e-06,-1,26314.55,26295.8,0
2026-01-02 13:30:00+05:30,26302.1,26310.05,26298.95,26304.6,1225705,9.43,975.0,26262.49123056572,0.0016033806185633361,72.73554847519242,47.78387879159599,26358.05898814891,26166.92347298253,0.007277889728295355,1222546.0,0.002583951851300483,7.984031936114633e-05,1,26315.05,26295.8,0
2026-01-02 13:45:00+05:30,26304.7,26310.95,26296.35,26298.1,1225900,9.44,195.0,26265.882541940413,0.001226589588533412,73.43750000000094,39.67869672362971,26345.23993538767,26186.525148493154,0.0060426215125681595,1224028.0,0.0015293767789625727,-0.00024710506907532626,-1,26315.05,26267.2,0
2026-01-02 14:00:00+05:30,26298.6,26306.6,26295.8,26302.8,1228045,9.44,2145.0,26269.39849032704,0.0012714988386680838,72.9780271154749,26.724308247688406,26322.847106822417,26215.94987383166,0.004069268393416677,1225640.0,0.001962240135765804,0.0001787201356753254,1,26315.05,26265.85,0
2026-01-02 14:15:00+05:30,26302.6,26315.05,26301.75,26307.3,1225380,9.49,-2665.0,26273.00815791494,0.0013052118691147146,71.59705159705273,22.330192417952244,26317.668542750846,26228.347773079036,0.0033997161320448396,1225952.0,-0.0004665761791652528,0.00017108444728308747,0,26332.15,26265.85,0
2026-01-02 14:30:00+05:30,26307.0,26307.0,26267.2,26271.8,1225380,9.4,0.0,26272.893095256375,-4.1605439203540885e-05,56.936303243454624,21.0928748259402,26315.078844908254,26230.707345604496,0.0032113516771014035,1226082.0,-0.0005725555060754501,-0.0013494353278367122,0,26340.0,26265.85,1
2026-01-02 14:45:00+05:30,26272.1,26296.5,26265.85,26294.25,1227785,9.43,2405.0,26274.92708618434,0.0007354126522322682,58.00304878048799,20.2265866920812,26315.3802595685,26234.47391280018,0.0030792225037558404,1226498.0,0.001049329065355182,0.0008545284297232225,1,26358.25,26265.85,0
2026-01-02 15:00:00+05:30,26297.05,26332.15,26297.05,26324.75,1231230,9.43,3445.0,26279.672125595353,0.0017153134251147446,63.13148210103739,20.935580862599373,26321.54328732055,26237.800963870155,0.0031865817446342197,1227564.0,0.0029864023382894906,0.0011599494185992043,1,26358.25,26263.6,0
2026-01-02 15:15:00+05:30,26322.7,26340.0,26319.5,26335.7,1235650,9.52,4420.0,26285.008113633892,0.001928547487866854,67.97934151065252,21.308137036100135,26327.62438770609,26242.391839561693,0.0032426297064823404,1229085.0,0.005341371833518431,0.00041595836617625004,1,26358.25,26263.6,0
2026-01-05 09:15:00+05:30,26333.7,26358.25,26287.65,26301.6,1235195,10.05,-455.0,26286.58829328781,0.0005710785494374426,53.85887541345091,19.385463218928123,26325.359219725666,26247.81736684995,0.0029498637103664987,1231048.0,0.0033686744952268312,-0.0012948203389316904,0,26358.25,26263.6,0
2026-01-05 09:30:00+05:30,26301.2,26301.65,26263.6,26279.25,1233700,10.04,-1495.0,26285.889408212777,-0.00025258449922195813,45.19379844961278,18.34650690980084,26322.582422032378,26249.196394393177,0.002791841147146874,1232712.0,0.00080148485615456,-0.0008497581896157458,0,26373.2,26263.6,1
2026-01-05 09:45:00+05:30,26280.1,26326.5,26274.0,26316.9,1234480,10.08,780.0,26288.8427979068,0.0010672665323798636,53.064837353397245,16.198455701306397,26321.23970930941,26256.44588650419,0.0024646890433070593,1234051.0,0.0003476355515290697,0.0014326892890779153,1,26373.2,26274.0,0
2026-01-05 10:00:00+05:30,26317.0,26342.3,26285.1,26339.15,1235910,10.06,1430.0,26293.633960010913,0.0017310669213054422,59.02013701473954,17.493504621696772,26328.620969254305,26258.64695076752,0.0026612532369319993,1234987.0,0.0007473762881714545,0.0008454643214055313,1,26373.2,26285.1,0
2026-01-05 10:15:00+05:30,26339.1,26373.2,26337.0,26354.55,1237600,10.18,1690.0,26299.43548762892,0.0020956538172464986,60.39325842696612,20.681033772438205,26340.797555173798,26258.073420084045,0.0031454718915417726,1235377.0,0.001799450693998674,0.000584680978695129,1,26373.2,26333.95,0
2026-01-05 10:30:00+05:30,26354.85,26363.35,26333.95,26348.4,1236755,10.14,-845.0,26304.098774521408,0.0016841947659314777,58.99647197177611,21.94450176916229,26347.98777805973,26260.209770983085,0.0033370467404748717,1235689.0,0.000862676611995413,-0.00023335628952103615,0,26365.0,26313.85,0
2026-01-05 10:45:00+05:30,26348.5,26362.05,26343.4,26349.6,1238120,10.16,1365.0,26308.43222456699,0.0015648129497646674,58.85129819040136,23.19090338908873,26354.814031345166,26262.050417788814,0.003526003099102513,1236573.0,0.0012510381514071551,4.5543562417371675e-05,1,26365.0,26313.85,0
2026-01-05 11:00:00+05:30,26348.0,26365.0,26346.65,26359.25,1243970,10.15,5850.0,26313.27201270347,0.0017473306730661578,61.880707208082725,25.256682284141604,26363.785377271754,26262.758648135186,0.0038393829960710955,1238471.0,0.004440152413742429,0.00036622946837905346,1,26365.0,26313.85,0
2026-01-05 11:15:00+05:30,26358.95,26361.35,26313.85,26326.65,1254175,10.21,10205.0,26314.546106731712,0.0004599696768166241,54.18054338299781,25.239955792812708,26365.026018317338,26264.066195146086,0.0038366545545478505,1242124.0,0.00970192992004019,-0.001236757494996965,-1,26361.35,26311.5,0
2026-01-05 11:30:00+05:30,26327.4,26341.6,26315.5,26338.7,1256060,10.13,1885.0,26316.846477519168,0.0008304005002841431,55.36202185792382,25.270871519805787,26367.38822055878,26266.304734479556,0.0038410181921140546,1245816.0,0.008222723098756157,0.00045771110262782244,1,26343.35,26311.5,0
2026-01-05 11:45:00+05:30,26338.7,26341.15,26317.65,26332.05,1256190,10.16,130.0,26318.29443204115,0.00052266183108359,61.413146429248094,25.19371214372877,26368.68185632861,26267.907007753693,0.0038290797618036323,1249703.0,0.00519083334200206,-0.00025248019074597394,-1,26343.35,26311.5,0
2026-01-05 12:00:00+05:30,26331.5,26334.85,26311.5,26333.2,1259310,10.11,3120.0,26319.714009941996,0.0005123912080849656,58.02596332165693,25.04496167426274,26369.80393329052,26269.62408659347,0.0038062665369087405,1253941.0,0.004281700654177509,4.367301444441196e-05,1,26349.35,26311.5,0
2026-01-05 12:15:00+05:30,26334.2,26343.35,26329.5,26333.4,1260090,10.13,780.0,26321.01743756657,0.0004704439128465581,52.03673181069026,24.88405957746393,26370.785556721497,26271.249318411643,0.0037816257880590822,1257165.0,0.002326663564448581,7.5949751645598695e-06,1,26349.35,26307.8,0
2026-01-05 12:30:00+05:30,26333.1,26342.65,26330.45,26333.05,1259700,10.1,-390.0,26322.163395893564,0.0004135907806169945,49.34324659231686,24.310563412294883,26370.784522718153,26273.542269068974,0.0036943108431714213,1258270.0,0.0011364810414298998,-1.3291105592228014e-05,0,26349.35,26292.85,0
2026-01-05 12:45:00+05:30,26332.85,26349.35,26326.4,26333.4,1260415,10.11,715.0,26323.233548665605,0.0003862158999425837,59.46428571428658,23.857005343285408,26370.947559352175,26275.519537979035,0.0036252393231521298,1259141.0,0.0010118009023612129,1.3291282248140135e-05,1,26349.35,26279.85,0
2026-01-05 13:00:00+05:30,26333.15,26334.9,26307.8,26308.75,1260675,10.07,260.0,26321.854163078402,-0.0004978434648719857,58.661186142102025,23.800450017905334,26369.455063114212,26274.253263042592,0.003616834873477839,1260038.0,0.000505540309101789,-0.0009360735795606034,-1,26334.9,26252.0,0
2026-01-05 13:15:00+05:30,26308.15,26312.9,26292.85,26294.65,1259245,10.07,-1430.0,26319.26329040427,-0.0009351815866837599,42.419080068143096,21.514547556970335,26362.29238551821,26276.23419529033,0.003269779601287511,1260025.0,-0.0006190353366004643,-0.0005359433648500778,0,26312.9,26210.05,0
2026-01-05 13:30:00+05:30,26295.15,26298.3,26279.85,26296.3,1258140,10.01,-1105.0,26317.07631036577,-0.0007894611894098356,33.01625049544077,21.355290851932182,26359.786892069635,26274.365728661905,0.0032458454883183014,1259635.0,-0.0011868517467361578,6.275040740222337e-05,0,26298.3,26210.05,0
2026-01-05 13:45:00+05:30,26296.1,26296.1,26252.0,26252.6,1254110,10.1,-4030.0,26310.935709378555,-0.0022171658972114164,16.99579151829063,27.076778140609726,26365.089265659775,26256.782153097334,0.0041164295241630225,1258517.0,-0.003501740540652212,-0.001661830751854887,0,26296.1,26210.05,0
2026-01-05 14:00:00+05:30,26252.2,26253.25,26210.05,26226.75,1250665,10.12,-3445.0,26302.91802277107,-0.0028958012455169713,15.073212747631231,34.425398365647645,26371.768819502366,26234.067226039777,0.005235221177489782,1256567.0,-0.004696924238818941,-0.0009846643760997864,0,26282.85,26210.05,0
2026-01-05 14:15:00+05:30,26226.8,26239.3,26210.8,26227.25,1248715,10.1,-1950.0,26295.71154441192,-0.002603525076562065,14.730469876046286,39.864161701454876,26375.439867814828,26215.98322100901,0.006063979160119146,1254175.0,-0.0043534594454521895,1.9064504751753475e-05,0,26282.9,26210.8,0
2026-01-05 14:30:00+05:30,26227.0,26258.7,26227.0,26257.15,1247935,9.98,-780.0,26292.03901637269,-0.001326980244893287,23.644811564275614,41.168667426009634,26374.37635122471,26209.701681520673,0.006263290176980541,1251913.0,-0.0031775370972264047,0.0011400356499442488,0,26282.9,26227.0,0
2026-01-05 14:45:00+05:30,26257.15,26282.85,26252.45,26280.1,1240200,10.0,-7735.0,26290.90196719434,-0.00041086331719691064,37.353979896766596,41.80673099610528,26374.51542918655,26207.288505202127,0.006360638527848511,1248325.0,-0.006508721687060661,0.000874047640356812,0,26282.9,26144.7,0
2026-01-05 15:00:00+05:30,26279.4,26282.9,26243.3,26249.25,1235065,10.03,-5135.0,26286.93511317583,-0.0014336062007069582,27.951688439733857,43.44948208463103,26373.83407734509,26200.03614900657,0.00661157063728621,1244516.0,-0.007594116909706263,-0.0011738920323742796,0,26282.9,26144.7,0
2026-01-05 15:15:00+05:30,26249.85,26250.55,26232.6,26244.65,1228565,9.98,-6500.0,26282.907959540036,-0.0014556212576983176,28.23705179282915,44.0319927797881,26370.971945099613,26194.84397398046,0.006701236080508465,1240096.0,-0.009298473666554848,-0.00017524310218386407,0,26259.35,26144.7,0
2026-01-06 09:15:00+05:30,26189.7,26238.6,26144.7,26173.85,1234220,10.2,5655.0,26272.521487202892,-0.00375569155975209,20.539841005730864,50.95115411120977,26374.42379542531,26170.619178980472,0.00775732989862089,1237197.0,-0.002406245731278042,-0.0026976926726020034,-1,26273.95,26144.7,1
2026-01-06 09:30:00+05:30,26171.85,26229.3,26171.85,26199.35,1234675,10.24,455.0,26265.55277413595,-0.0025205170705999104,27.33727810650838,53.12406352116556,26371.80090117828,26159.30464709362,0.008090301997904604,1234545.0,0.00010530195335123467,0.0009742548383213645,1,26273.95,26171.85,1
2026-01-06 09:45:00+05:30,26199.3,26259.35,26197.8,26256.8,1237210,10.15,2535.0,26264.719176599196,-0.00030151385004154274,39.195125407396866,50.46213770844364,26365.643452016084,26163.794901182308,0.007685159299689568,1233947.0,0.0026443599279385582,0.002192802493191648,1,26273.95,26197.8,0
2026-01-06 10:00:00+05:30,26258.35,26273.95,26237.15,26243.25,1238250,10.15,1040.0,26262.674493113558,-0.000739623571797743,37.68610845512873,49.837191512918146,26362.348876139393,26163.000110087723,0.007590573690579054,1234584.0,0.0029694212787465253,-0.0005160567929070048,-1,26273.95,26201.35,0
2026-01-06 10:15:00+05:30,26242.2,26252.9,26218.1,26224.1,1240005,10.17,1755.0,26259.000731864646,-0.0013290959629814118,38.26099015393115,48.79268684417861,26356.586105553004,26161.415358176288,0.007432527588145485,1236872.0,0.0025330026065752964,-0.0007297114496108703,-1,26252.9,26192.65,0
2026-01-06 10:30:00+05:30,26223.1,26238.5,26201.35,26212.1,1240980,10.22,975.0,26254.533995496582,-0.0016162539965044586,38.485144371599446,48.13107507793836,26350.796145652457,26158.271845340707,0.007332992478357216,1238224.0,0.0022257685200739123,-0.0004575943502350688,-1,26238.5,26141.05,0
2026-01-06 10:45:00+05:30,26211.75,26221.0,26201.35,26201.35,1242085,10.18,1105.0,26249.468853068334,-0.001833136256496522,37.083390014963825,47.17376026876398,26343.816373605863,26155.121332530805,0.007188527971033631,1239706.0,0.0019190033766070343,-0.00041011593882211983,-1,26222.15,26141.05,0
2026-01-06 11:00:00+05:30,26201.7,26222.15,26192.65,26194.45,1241825,10.17,-260.0,26244.228962299923,-0.0018967584214964175,41.2093726379443,45.598156919699726,26335.42527613932,26153.032648460525,0.006949818489268848,1240629.0,0.0009640271185019857,-0.000263345209311705,0,26222.15,26141.05,0
2026-01-06 11:15:00+05:30,26194.8,26195.65,26141.05,26173.05,1242995,10.18,1170.0,26237.450013509457,-0.002454507334984857,41.77137603432411,44.36395310977094,26326.177919728998,26148.722107289916,0.006763454998397777,1241578.0,0.001141289552488849,-0.0008169669529233259,-1,26200.2,26141.05,0
2026-01-06 11:30:00+05:30,26172.15,26196.6,26165.9,26193.6,1246180,10.13,3185.0,26233.273821746654,-0.0015123473347717262,45.14219719936458,40.08829818432341,26313.450418115302,26153.097225378006,0.0061125879227612295,1242813.0,0.002709176682252278,0.0007851587797371717,1,26200.2,26150.15,0
2026-01-06 11:45:00+05:30,26193.0,26200.2,26171.65,26174.5,1248000,10.17,1820.0,26227.67631491364,-0.0020274886068881903,37.68439874832327,38.374826932567764,26304.425968778774,26150.926661048503,0.005852569853585864,1244217.0,0.0030404664138168826,-0.0007291857552989001,-1,26200.2,26150.15,0
2026-01-06 12:00:00+05:30,26173.1,26179.4,26153.0,26167.65,1253655,10.16,5655.0,26221.959523017103,-0.00207114662691132,32.39943653153888,37.392047775444965,26296.743618567994,26147.175427466213,0.005703928837602465,1246531.0,0.0057150604357212136,-0.00026170509465317515,-1,26180.1,26150.15,0
2026-01-06 12:15:00+05:30,26167.5,26169.8,26150.15,26161.85,1253915,10.2,260.0,26216.234806539283,-0.002074470530974927,35.15624999999983,35.44286460367794,26287.12053574664,26145.349077331928,0.00540777344500087,1248949.0,0.003976143141153081,-0.00022164772151889167,-1,26195.0,26150.15,0
2026-01-06 12:30:00+05:30,26161.6,26169.8,26155.25,26163.7,1255085,10.19,1170.0,26211.23149163078,-0.0018134016956035256,36.12206411794972,36.13705954234681,26283.505610715474,26138.957372546087,0.005514744250591256,1251367.0,0.0029711507495403027,7.071365365995952e-05,1,26195.0,26152.0,0
2026-01-06 12:45:00+05:30,26163.75,26180.1,26156.2,26178.9,1258205,10.19,3120.0,26208.15230195166,-0.0011161527762291342,51.06968862529185,36.63651435670592,26281.42533066507,26134.87927323825,0.005591621100885805,1253772.0,0.003535730579403592,0.0005809575862740779,1,26195.0,26147.15,0
2026-01-06 13:00:00+05:30,26178.75,26195.0,26171.8,26174.7,1259440,10.17,1235.0,26204.966368432455,-0.001154985967427701,44.26076833527418,37.128164493854165,26279.222697420162,26130.710039444748,0.005667347780087917,1256060.0,0.0026909542537776857,-0.00016043454843406302,-1,26195.0,26147.15,0
2026-01-06 13:15:00+05:30,26173.95,26174.7,26152.0,26162.25,1259440,10.18,0.0,26200.89814286746,-0.001475069391007906,22.150220913108328,36.3319725622137,26273.562087991886,26128.234197743033,0.00554667589852887,1257217.0,0.0017681911714525018,-0.0004756501507180433,0,26179.7,26125.8,0
2026-01-06 13:30:00+05:30,26161.75,26164.35,26147.15,26164.1,1260935,10.14,1495.0,26197.393557832464,-0.0012708729118019815,24.9604555520405,32.1361023207001,26261.665762473865,26133.12135319106,0.004906763300670871,1258621.0,0.0018385200946114835,7.071257250412799e-05,1,26179.7,26125.3,0
2026-01-06 13:45:00+05:30,26163.65,26179.7,26149.75,26153.25,1266590,10.18,5655.0,26193.189409467468,-0.0015248013078175222,26.34390651085191,30.85635000326868,26254.902109474006,26131.47670946093,0.00471211802746187,1260922.0,0.004495123409695445,-0.0004146903581624395,-1,26179.7,26124.75,0
2026-01-06 14:00:00+05:30,26151.95,26172.3,26125.8,26133.15,1278030,10.2,11440.0,26187.471370470565,-0.002074326677138321,24.992081089642767,30.70095778975319,26248.87328605007,26126.069454891058,0.004689411567146921,1264887.0,0.010390651496932137,-0.0007685469301137449,-1,26172.3,26124.75,0
2026-01-06 14:15:00+05:30,26133.25,26148.05,26125.3,26148.05,1284530,10.15,6500.0,26183.71695423527,-0.0013621807132124066,33.54938271604924,31.73199976692563,26247.180953769122,26120.25295470142,0.004847592849004254,1269905.0,0.011516609510160208,0.0005701570610507911,1,26187.7,26124.75,0
2026-01-06 14:30:00+05:30,26147.75,26153.85,26124.75,26149.7,1290315,10.12,5785.0,26180.477244308102,-0.0011755799568089424,35.72567783094098,32.403567461131466,26245.284379230365,26115.67010938584,0.004950798590682872,1276080.0,0.01115525672371638,6.310221985961206e-05,1,26187.7,26124.75,0
2026-01-06 14:45:00+05:30,26149.8,26169.8,26147.65,26164.0,1291745,10.09,1430.0,26178.907982945424,-0.0005694654244224397,46.976277981958106,27.299547422459657,26233.507077790342,26124.308888100506,0.004171227835820139,1282242.0,0.007411237504308859,0.0005468513979127732,1,26187.7,26104.3,0
2026-01-06 15:00:00+05:30,26165.05,26187.7,26165.05,26175.95,1291355,10.04,-390.0,26178.626270283956,-0.00010223112001079276,43.74335342077351,22.396119259641015,26223.41850880324,26133.834031764673,0.0034220465242768,1287195.0,0.0032318335605716307,0.00045673444427452026,0,26187.7,26104.3,0
2026-01-06 15:15:00+05:30,26175.0,26186.5,26170.85,26174.65,1290835,9.98,-520.0,26178.247577875958,-0.00013742623012691861,50.06085192697828,18.988656412860795,26216.22489070168,26140.270265050236,0.002901440420161496,1289756.0,0.000836592347699875,-4.966390904626028e-05,0,26186.5,26096.65,0
2026-01-07 09:15:00+05:30,26143.1,26166.0,26104.3,26120.35,1285505,10.13,-5330.0,26172.73352284015,-0.0020014540244502072,36.14528412419399,19.621199598428262,26211.975922037007,26133.491123643293,0.00299872377966264,1289951.0,-0.00344664254688744,-0.0020745263069421593,0,26168.2,26096.65,0
2026-01-07 09:30:00+05:30,26121.75,26150.95,26106.15,26108.2,1284660,10.11,-845.0,26166.58747304585,-0.002231375149930924,34.84891273651566,21.83419261393228,26210.255858273715,26122.919087817983,0.0033377210744693687,1288820.0,-0.0032277587250353038,-0.00046515456339590866,0,26187.15,26096.65,1
2026-01-07 09:45:00+05:30,26108.1,26139.05,26096.65,26138.8,1283815,10.08,-845.0,26163.941047041484,-0.0009609044369990929,43.95043731778377,20.984100497309203,26205.909248036103,26121.972846046865,0.0032080947529397304,1287234.0,-0.002656082732432487,0.0011720455642287853,0,26187.15,26096.65,0
2026-01-07 10:00:00+05:30,26138.95,26168.2,26132.9,26167.25,1286415,10.13,2600.0,26164.256185418482,0.00011442383686741789,47.340789774023804,20.81943297668409,26205.895051371852,26122.617319465113,0.0031828816885362218,1286246.0,0.00013139010733561075,0.0010884202794314568,1,26187.15,26125.2,0
2026-01-07 10:15:00+05:30,26167.75,26187.15,26129.75,26134.0,1286610,10.06,195.0,26161.374643950057,-0.001046376359140894,41.79766223297027,19.806398487597892,26200.98744092525,26121.761846974863,0.003028342165831478,1285401.0,0.0009405625170666586,-0.0012706723098530048,-1,26187.15,26125.2,0
2026-01-07 10:30:00+05:30,26135.6,26145.25,26125.2,26141.9,1285700,10.03,-910.0,26159.519915954814,-0.0006735565488748073,45.82221309792672,19.521509055048043,26198.56293406491,26120.476897844717,0.002984995002624948,1285440.0,0.0002022653721682848,0.00030228820693345426,0,26184.75,26125.2,0
2026-01-07 10:45:00+05:30,26142.4,26175.7,26133.8,26163.35,1285765,10.04,65.0,26159.88468586388,0.00013246672061945766,49.85749572487175,19.38787534834995,26198.660436560578,26121.10893516718,0.002964520001699588,1285661.0,8.089224142289453e-05,0.0008205218442423057,1,26184.75,26131.8,0
2026-01-07 11:00:00+05:30,26164.5,26184.75,26150.55,26151.6,1284660,10.04,-1105.0,26159.095668162554,-0.00028654156311978807,49.68755917439851,19.302087935791768,26197.699844034138,26120.49149229097,0.002951491623509577,1285830.0,-0.0009099181073703367,-0.00044910151031885004,0,26184.75,26118.95,0
2026-01-07 11:15:00+05:30,26151.7,26156.8,26131.8,26142.4,1284660,9.98,0.0,26157.505604528025,-0.0005774864299525929,51.826980051353,19.291049703969165,26196.087703935962,26118.92350512009,0.002949983074934941,1285479.0,-0.0006371165923363976,-0.0003517949188576175,0,26166.45,26106.2,0
2026-01-07 11:30:00+05:30,26143.25,26166.45,26140.8,26143.2,1284790,9.99,130.0,26156.143166001544,-0.0004948422983999914,48.98556787283024,18.330642126947478,26192.80445025544,26119.481881747648,0.0028032637702908336,1285115.0,-0.0002528956552526428,3.0601628006499126e-05,1,26166.45,26096.45,0
2026-01-07 11:45:00+05:30,26143.8,26144.35,26118.95,26120.65,1284335,9.99,-455.0,26152.76286447759,-0.0012278956775617325,44.412386997499524,18.564458119208272,26189.891780716007,26115.633948239174,0.0028393876724089728,1284842.0,-0.0003946010482222717,-0.0008625569937880107,0,26144.35,26078.55,0
2026-01-07 12:00:00+05:30,26121.55,26123.3,26106.2,26112.1,1286415,10.0,2080.0,26148.89021071782,-0.0014069511333502129,39.791502753736815,19.857507363232614,26188.605225444284,26109.175195991353,0.0030376061397961234,1284972.0,0.00112298166808304,-0.0003273272296058227,-1,26123.3,26077.0,0
2026-01-07 12:15:00+05:30,26112.55,26115.55,26096.45,26098.05,1287260,10.03,845.0,26144.04828588755,-0.0017594171103325871,34.802965275067734,21.953751627520713,26187.955789142594,26100.14078263251,0.0033588909242294944,1285492.0,0.0013753488936531695,-0.0005380647286123974,-1,26115.55,26077.0,0
2026-01-07 12:30:00+05:30,26098.9,26110.3,26078.55,26083.25,1312610,10.03,25350.0,26138.25797294588,-0.002104500345922693,33.06152705707878,25.382937700594265,26189.02384834707,26087.49209754469,0.0038844115360506925,1291082.0,0.01667438628994905,-0.0005670921773848203,-1,26114.0,26069.3,0
2026-01-07 12:45:00+05:30,26083.45,26099.45,26077.0,26098.0,1315535,10.0,2925.0,26134.42388028437,-0.0013937127694575383,45.146579804560425,26.943935334546214,26188.31175095346,26080.536009615276,0.0041238996440816685,1297231.0,0.01411005441590588,0.0005654970143673665,1,26114.0,26067.9,0
2026-01-07 13:00:00+05:30,26098.6,26114.0,26096.8,26102.9,1318070,10.0,2535.0,26131.421605971573,-0.0010914678275694531,48.81165919282526,27.82631800437433,26187.07424198032,26075.768969962824,0.0042594418970325326,1303978.0,0.010806930791777162,0.00018775385086988727,1,26114.0,26067.9,0
2026-01-07 13:15:00+05:30,26103.25,26104.85,26069.3,26073.0,1319500,9.97,1430.0,26125.857643498086,-0.0020231926629685434,35.200179937022156,30.754667596051824,26187.36697869019,26064.348308305984,0.0047086940479758805,1310595.0,0.006794623815900412,-0.0011454665956657228,-1,26106.15,26067.9,0
2026-01-07 13:30:00+05:30,26073.25,26084.95,26067.9,26076.1,1321450,9.99,1950.0,26121.118820307795,-0.001723464473994744,26.859609037826147,31.99800610558458,26185.114832518964,26057.122808096625,0.004899944190860324,1317433.0,0.003049111415912612,0.00011889694319799915,1,26106.15,26067.9,0
2026-01-07 13:45:00+05:30,26076.6,26093.4,26070.7,26092.5,1326000,9.97,4550.0,26118.39321837372,-0.0009913786869363925,38.47862298722922,30.590843465707916,26179.574905305137,26057.211531442303,0.004684950289237324,1320111.0,0.004460988507784573,0.0006289284057048317,1,26111.45,26070.7,0
2026-01-07 14:00:00+05:30,26093.45,26106.15,26082.2,26098.85,1330160,9.96,4160.0,26116.531959480984,-0.0006770408685356407,37.94455334640046,28.352914428236904,26173.237788337457,26059.82613062451,0.004342523650877573,1323036.0,0.0053845851511221164,0.00024336495161447758,1,26121.3,26082.2,0
2026-01-07 14:15:00+05:30,26099.25,26099.55,26084.0,26096.2,1329900,9.97,-260.0,26114.595582387556,-0.0007044176628935205,28.982785602504123,28.773160465159837,26172.141903317875,26057.049261457236,0.004407215171973078,1325402.0,0.0033936873491966966,-0.0001015370409039873,0,26152.95,26083.2,0
2026-01-07 14:30:00+05:30,26096.45,26111.45,26083.2,26109.0,1347515,9.94,17615.0,26114.062669779218,-0.00019386756642337827,36.753731343283675,28.76066804355792,26171.584005866334,26056.5413336921,0.004405391594137808,1331005.0,0.012404160765737169,0.000490492868693515,1,26153.6,26083.2,0
2026-01-07 14:45:00+05:30,26109.35,26121.3,26094.1,26117.35,1349075,9.94,1560.0,26114.375748847862,0.00011389325101012596,42.16942794623215,28.307402207422044,26170.990553262705,26057.76094443302,0.004335910990890975,1336530.0,0.009386246474078397,0.0003198130912711594,1,26153.6,26063.75,0
2026-01-07 15:00:00+05:30,26122.25,26152.95,26119.6,26151.8,1349530,9.94,455.0,26117.939963243305,0.0012964283095966446,52.221074380164936,27.019060523542397,26171.97808429039,26063.90184219622,0.004138007907448588,1341236.0,0.006183848330942504,0.001319046534200563,1,26153.6,26049.85,0
2026-01-07 15:15:00+05:30,26153.4,26153.6,26133.75,26142.9,1350180,9.94,650.0,26120.317109601085,0.0008645718313510046,56.18227285357054,27.41349504390535,26175.144099688896,26065.490119513273,0.00419803403287615,1345240.0,0.0036722071897951295,-0.00034032074274037427,-1,26153.6,26049.85,0
2026-01-08 09:15:00+05:30,26106.5,26133.2,26063.75,26064.5,1335425,10.04,-14755.0,26115.001194400982,-0.0019338001949549763,40.47237790232199,28.94865736357653,26172.898509128136,26057.10387967383,0.004434027346670516,1346345.0,-0.008110848259547145,-0.002998902187592134,0,26133.2,26047.9,1
2026-01-08 09:30:00+05:30,26065.0,26103.35,26049.85,26090.7,1340170,10.07,4745.0,26112.68679493422,-0.000841996654993164,48.597060507730745,26.614921986814924,26165.91663890785,26059.45695096059,0.00407693351447512,1344876.0,-0.003499207361868306,0.0010051986418309067,1,26103.35,26026.15,0
2026-01-08 09:45:00+05:30,26090.65,26099.1,26066.2,26091.7,1341665,10.08,1495.0,26110.688052559533,-0.0007272137954124627,51.70259923433424,24.787843343610394,26160.263739246755,26061.11236587231,0.00379734816542775,1343394.0,-0.0012870386498674254,3.832783328916456e-05,1,26099.1,26025.0,0
2026-01-08 10:00:00+05:30,26091.05,26091.65,26047.9,26061.15,1346865,10.02,5200.0,26105.970142791957,-0.0017168541351576965,43.019511271074265,25.036956368661112,26156.04405552928,26055.896230054634,0.0038362039382895193,1342861.0,0.002981693563220616,-0.0011708704300601447,-1,26091.65,26012.8,0
2026-01-08 10:15:00+05:30,26061.8,26062.0,26026.15,26039.95,1356745,10.06,9880.0,26099.682510145103,-0.002288629760989776,38.768956289027386,26.52073307603638,26152.723976297177,26046.64104399303,0.004064529607320397,1344174.0,0.009352211841621695,-0.0008134713932425042,-1,26062.0,26000.95,0
2026-01-08 10:30:00+05:30,26040.15,26042.55,26025.0,26031.6,1366170,10.13,9425.0,26093.198461559856,-0.0023607095025396465,41.99845380749866,29.480294042592007,26152.15904964504,26034.23787347467,0.00451923041723267,1350323.0,0.011735710641083651,-0.00032066113798234763,-1,26042.55,25963.65,0
2026-01-08 10:45:00+05:30,26031.85,26035.75,26012.8,26016.9,1378065,10.19,11895.0,26085.931941411298,-0.0026463283568454203,39.04920458749574,33.41568100215239,26152.763303415602,26019.100579406993,0.005123938999335505,1357902.0,0.014848641507266357,-0.0005646982897707931,-1,26035.75,25961.8,0
2026-01-08 11:00:00+05:30,26017.55,26017.75,26000.95,26003.8,1384305,10.3,6240.0,26078.109851753077,-0.002849510649947759,33.389513108613855,38.07029604278016,26154.25044383864,26001.969259667516,0.005839425672980121,1366430.0,0.013081533631433736,-0.0005035188665829526,-1,26017.75,25935.9,0
2026-01-08 11:15:00+05:30,26001.65,26008.2,25963.65,25975.6,1402960,10.51,18655.0,26068.34700872897,-0.0035578400386459767,28.66539726501634,44.89796472934511,26158.142938187662,25978.55107927028,0.006889269153017082,1377649.0,0.018372604342615572,-0.001084456887070373,-1,26008.2,25884.15,0
2026-01-08 11:30:00+05:30,25975.2,25988.6,25961.8,25974.15,1418170,10.5,15210.0,26059.3758650405,-0.0032704492034604554,28.78498174865284,50.054066228908496,26159.483997498315,25959.267732582684,0.007683079823267271,1389934.0,0.020314633644475204,-5.582161720985024e-05,-1,25988.6,25884.15,0
2026-01-08 11:45:00+05:30,25974.2,25978.5,25935.9,25938.3,1432405,10.6,14235.0,26047.84483027474,-0.004205523757858767,22.52977148374633,57.43916799303489,26162.723166260806,25932.96649428867,0.008820563600144608,1403181.0,0.020826963877076443,-0.0013802184094571235,-1,25978.5,25884.15,0
2026-01-08 12:00:00+05:30,25938.1,25943.2,25884.15,25933.75,1446185,10.76,13780.0,26036.978655962856,-0.003964694111665474,20.087976539589818,64.12474807579842,26165.228152114454,25908.729159811257,0.009851334737890375,1416805.0,0.020736798642014956,-0.00017541627631723067,-1,25945.4,25884.15,0
2026-01-08 12:15:00+05:30,25934.0,25945.4,25919.9,25935.8,1452165,10.8,5980.0,26027.3425934902,-0.0035171701898255824,10.655737704918025,69.20690279684459,26165.75639908389,25888.92878789651,0.010636030558748505,1430377.0,0.015232347835570622,7.904757314314281e-05,1,25945.4,25900.75,0
2026-01-08 12:30:00+05:30,25935.7,25938.15,25912.25,25924.45,1459055,10.81,6890.0,26017.543298872086,-0.0035780972016724163,10.561473190106483,73.62202808760274,26164.78735504729,25870.29924269688,0.011318828567614063,1441596.0,0.012110882660606717,-0.0004376190439469019,-1,25938.15,25893.5,0
2026-01-08 12:45:00+05:30,25924.75,25926.0,25903.15,25911.7,1467635,10.85,8580.0,26007.462984693793,-0.003682134806849559,13.842877425461467,77.52797814164644,26162.518940977086,25852.4070284105,0.01192395862484153,1451489.0,0.011123749473816199,-0.0004918137125378141,-1,25928.5,25886.4,0
2026-01-08 13:00:00+05:30,25912.05,25928.5,25900.75,25926.1,1476605,10.74,8970.0,25999.714129008673,-0.0028313437849126514,8.74686716791851,79.25954798863692,26158.233224985946,25841.1950330314,0.01219391068614935,1460329.0,0.01114543366597527,0.0005557335103447691,1,25939.0,25886.4,0
2026-01-08 13:15:00+05:30,25925.25,25928.2,25893.5,25893.5,1481935,10.86,5330.0,25989.598497674513,-0.0036975753081799905,7.118130679358487,81.4366206580609,26152.471738990636,25826.72525635839,0.012533725084725477,1467479.0,0.009850907576871628,-0.0012574201287505193,-1,25942.2,25886.4,0
2026-01-08 13:30:00+05:30,25894.15,25911.2,25886.4,25907.6,1486355,10.78,4420.0,25981.789116943604,-0.00285542756927484,14.232471465174214,80.55974650266185,26142.90860994893,25820.66962393828,0.012402494091544517,1474317.0,0.008165136805720886,0.0005445382045685676,1,25946.2,25886.4,0
2026-01-08 13:45:00+05:30,25907.3,25939.0,25905.2,25929.35,1487980,10.68,1625.0,25976.794915329927,-0.0018264345345364076,24.30297397769388,73.67652361215815,26124.14796255424,25829.441868105612,0.011344975213809448,1480102.0,0.005322606144711649,0.0008395219935461995,1,25946.2,25900.45,0
2026-01-08 14:00:00+05:30,25929.0,25942.2,25915.4,25926.95,1489280,10.68,1300.0,25972.047780536603,-0.0017363967954193474,24.99402628434808,65.39804333741243,26102.843867211428,25841.251693861777,0.010072065767016157,1484431.0,0.0032665715011341045,-9.255920414497076e-05,-1,25946.2,25900.45,0
2026-01-08 14:15:00+05:30,25926.3,25946.2,25900.45,25905.45,1494350,10.6,5070.0,25965.70513477121,-0.00232056608740125,24.207359407543436,64.09561833282467,26093.896371436862,25837.51389810556,0.009873888346208408,1487980.0,0.004280971518434387,-0.0008292529587938802,-1,25946.2,25860.2,0
2026-01-08 14:30:00+05:30,25906.9,25940.95,25902.1,25928.2,1498445,10.54,4095.0,25962.133217173952,-0.0013070273112805975,33.252104563579536,58.135857220222306,26078.404931614397,25845.861502733507,0.008957023174315378,1491282.0,0.004803249821294698,0.0008781935847477218,1,25940.95,25858.45,0
2026-01-08 14:45:00+05:30,25928.55,25940.2,25910.25,25911.15,1502345,10.56,3900.0,25957.277672681197,-0.0017770612643922548,34.9801910976461,50.59559860973298,26058.468869900662,25856.086475461732,0.007796749604906662,1494480.0,0.005262700069589422,-0.0006575851775286745,-1,25940.6,25839.15,0
2026-01-08 15:00:00+05:30,25912.1,25917.7,25860.2,25878.05,1526395,10.66,24050.0,25949.73218004489,-0.0027623475859999587,30.48334687246046,46.5471274340446,26042.826434912982,25856.6379251768,0.007174968452250859,1502163.0,0.016131405180396536,-0.0012774423366003207,-1,25940.6,25818.35,0
2026-01-08 15:15:00+05:30,25878.05,25882.15,25858.45,25868.9,1545050,10.6,18655.0,25942.033877183476,-0.002819126577727472,34.19134396355325,43.73846644957916,26029.510810082633,25854.55694428432,0.0067440304267041016,1513317.0,0.02096916905050297,-0.0003535815101987083,-1,25940.6,25818.35,0
2026-01-09 09:15:00+05:30,25840.4,25940.6,25839.15,25840.9,1555970,10.66,10920.0,25932.402079356478,-0.0035284845220457483,30.891129862111043,42.586835129040765,26017.57574961456,25847.228409098396,0.00656889940217953,1525641.0,0.019879512939151477,-0.0010823807738249425,-1,25940.6,25818.35,1
2026-01-09 09:30:00+05:30,25841.1,25876.7,25818.35,25876.7,1565460,10.64,9490.0,25927.097119417765,-0.0019438010813798547,39.32056378749535,38.24617077485664,26003.58946096748,25850.60477786805,0.0059005712207114945,1539044.0,0.017163901746798663,0.0013854006632896265,1,25901.95,25818.35,0
2026-01-09 09:45:00+05:30,25876.85,25897.65,25849.65,25894.05,1570855,10.61,5395.0,25923.94977471131,-0.0011533649374863765,44.62327555712724,33.03584287506059,25990.02146046143,25857.878088961188,0.005097347149975867,1552746.0,0.011662564257128983,0.0006704873496232722,1,25901.95,25838.55,0
2026-01-09 10:00:00+05:30,25894.2,25901.95,25850.35,25856.6,1579305,10.61,8450.0,25917.53551045309,-0.0023511305860279357,41.03773584905598,32.06560411246156,25981.666718678014,25853.404302228166,0.004948866237614199,1563328.0,0.0102198642895157,-0.0014462781990457474,-1,25901.95,25806.8,0
2026-01-09 10:15:00+05:30,25858.0,25896.85,25854.1,25887.85,1579565,10.57,260.0,25914.708318981367,-0.0010364121660476656,44.101773323053074,28.29163106202256,25971.29158110541,25858.125056857323,0.004366883966245497,1570231.0,0.005944348315629993,0.0012085889096014046,1,25896.85,25798.8,0
2026-01-09 10:30:00+05:30,25888.45,25890.75,25838.55,25856.45,1578980,10.61,-585.0,25909.15990764981,-0.002034412070390828,44.26559356136818,28.945859171036187,25967.05162599188,25851.26818930774,0.004468822497403939,1574833.0,0.002633295085891647,-0.0012129242096194925,0,25890.75,25790.95,0
2026-01-09 10:45:00+05:30,25856.85,25868.4,25806.8,25821.65,1580410,10.6,1430.0,25900.825630730782,-0.0030568767134913385,37.498181818181976,32.620519050886784,25966.066668832555,25835.58459262901,0.005037757408348054,1577823.0,0.0016396008931293306,-0.0013458924175592246,-1,25868.4,25753.7,0
2026-01-09 11:00:00+05:30,25821.3,25824.3,25798.8,25799.0,1583140,10.59,2730.0,25891.127951613566,-0.0035582826590536396,31.089511098215468,37.401848392145695,25965.93164839786,25816.324254829273,0.005778326608565606,1580280.0,0.0018098058571898651,-0.0008771709011624607,-1,25824.3,25735.15,0
2026-01-09 11:15:00+05:30,25800.15,25807.55,25790.95,25804.5,1587950,10.58,4810.0,25882.87767050751,-0.0030281667867564357,32.39396117900762,40.59983884776717,25964.077348203045,25801.677992811976,0.006274393344450916,1582009.0,0.003755351581438538,0.00021318655761848326,1,25821.65,25734.1,0
2026-01-09 11:30:00+05:30,25805.2,25821.65,25753.7,25755.35,1593215,10.7,5265.0,25870.732178078222,-0.004459950235811018,30.007991475758786,48.67424505392696,25968.080668186078,25773.383687970367,0.007525762273581458,1584739.0,0.0053485148027530086,-0.001904706543432444,-1,25821.65,25714.85,0
2026-01-09 11:45:00+05:30,25754.95,25761.7,25735.15,25743.25,1600300,10.78,7085.0,25858.59101826125,-0.004460452550558392,24.647018505825557,55.01673064901572,25968.624479559283,25748.557556963216,0.008510398824153099,1589003.0,0.007109489409396962,-0.00046980530258755593,-1,25761.75,25674.5,0
2026-01-09 12:00:00+05:30,25743.9,25761.75,25734.1,25739.35,1601080,10.8,780.0,25847.234730807795,-0.004173937054829575,25.568828213878888,61.1612388001532,25969.557208408103,25724.912253207487,0.009465033987137482,1593137.0,0.004985760797721728,-0.0001514960232293916,-1,25761.75,25665.15,0
2026-01-09 12:15:00+05:30,25740.45,25756.65,25714.85,25716.75,1578200,10.75,-22880.0,25834.807613588007,-0.00456971135043073,26.355907358545636,67.35441312264192,25969.516439833293,25700.098787342722,0.010428475277240633,1592149.0,-0.008761114694667397,-0.0008780330505625544,0,25756.65,25665.15,0
2026-01-09 12:30:00+05:30,25717.0,25729.0,25674.5,25689.15,1580995,10.97,2795.0,25820.93545991296,-0.005103822056236266,25.00347656793184,73.07416181517243,25967.083783543305,25674.78713628261,0.011320141662353176,1590758.0,-0.006137325727734828,-0.0010732304820787464,-1,25729.0,25665.15,0
2026-01-09 12:45:00+05:30,25688.95,25699.45,25665.15,25689.7,1584765,10.92,3770.0,25808.43684468315,-0.004600698810149399,27.23577235772312,76.53883431229198,25961.514513307735,25655.359176058566,0.011862606754978291,1589068.0,-0.0027078765666415784,2.1409816985062946e-05,1,25730.4,25665.15,0
2026-01-09 13:00:00+05:30,25691.3,25698.3,25680.65,25691.05,1590615,10.92,5850.0,25797.257145189516,-0.004116993701763442,18.814043339491832,79.36737431245115,25955.99189381442,25638.522396564615,0.012306327586031876,1587131.0,0.002195155913406014,5.255024387196272e-05,1,25730.4,25664.85,0
2026-01-09 13:15:00+05:30,25691.05,25716.35,25685.25,25709.15,1592955,10.92,2340.0,25788.8659885048,-0.003091100963506166,19.01809651474545,77.646073671296,25944.158135847392,25633.573841162208,0.012043348273771523,1585506.0,0.004698184680474246,0.0007045255059641153,1,25730.4,25658.75,0
2026-01-09 13:30:00+05:30,25708.6,25730.4,25681.3,25683.8,1593540,10.93,585.0,25778.859703885293,-0.0036875061572629146,19.821865176388457,77.38654785854516,25933.632799602383,25624.086608168203,0.01200775344564701,1588574.0,0.003126074076498797,-0.0009860302654892683,-1,25730.4,25651.9,0
2026-01-09 13:45:00+05:30,25684.9,25691.95,25664.85,25683.85,1597310,10.93,3770.0,25769.811160658122,-0.003335731104982165,10.015680125440781,77.9530695522677,25925.71729976266,25613.905021553586,0.012099905438387739,1591837.0,0.0034381660936389845,1.9467524274840997e-06,1,25692.95,25623.0,0
2026-01-09 14:00:00+05:30,25683.9,25692.95,25658.75,25660.15,1602055,10.94,4745.0,25759.367240595442,-0.003851695566460941,10.327405012125908,79.44078376368738,25918.24880812282,25600.485673068066,0.012335828442011348,1595295.0,0.004237460783115349,-0.000922758854299377,-1,25692.95,25623.0,0
2026-01-09 14:15:00+05:30,25662.85,25675.85,25651.9,25652.05,1616940,10.92,14885.0,25749.146551014925,-0.003770864825463437,11.576801087448658,81.75506969626676,25912.656690407457,25585.636411622392,0.012700237584075387,1600560.0,0.01023391812865497,-0.0003156645615868259,-1,25703.0,25623.0,0
2026-01-09 14:30:00+05:30,25653.8,25670.65,25623.0,25657.3,1628250,10.93,11310.0,25740.399260442075,-0.00322835942058531,15.150024594195472,80.04725413607586,25900.493768714226,25580.304752169923,0.012439162784719163,1607619.0,0.012833264598141724,0.00020466200557067715,1,25703.7,25623.0,0
2026-01-09 14:45:00+05:30,25658.75,25684.35,25657.25,25674.7,1629810,10.9,1560.0,25734.14218801902,-0.002309856982398061,19.842007434944506,74.00577729040498,25882.153742599832,25586.13063343821,0.011503127129663608,1614873.0,0.009249643780037191,0.0006781695657767095,1,25703.7,25529.05,0
2026-01-09 15:00:00+05:30,25679.9,25703.0,25661.05,25695.05,1633710,10.88,3900.0,25730.419122493397,-0.0013746034343637178,33.82510729613735,69.10033684881833,25868.619796191033,25592.21844879576,0.010742201519509807,1622153.0,0.007124482092626281,0.000792609066512906,1,25703.7,25529.05,0
2026-01-09 15:15:00+05:30,25694.15,25703.7,25677.05,25703.7,1648595,10.96,14885.0,25727.874444160694,-0.0009396207297715617,39.19103580213197,58.484263459130354,25844.842971078953,25610.905917242435,0.009092747025964038,1631461.0,0.010502243081507925,0.00033664071484595937,1,25703.7,25529.05,0
2026-01-12 09:15:00+05:30,25669.05,25700.95,25529.05,25532.45,1658280,11.94,9685.0,25709.26259233587,-0.0068773887115913136,20.468170139880357,63.716540187061916,25836.695672709993,25581.829511961743,0.009913398326104755,1639729.0,0.01131345484528236,-0.0066624649369545486,-1,25700.95,25529.05,1
2026-01-12 09:30:00+05:30,25532.35,25597.1,25530.2,25557.6,1664065,11.83,5785.0,25694.81853592293,-0.00534031932278836,27.44792404704519,65.62294989270077,25826.06443570833,25563.572636137527,0.010215748330887115,1646892.0,0.010427520444570742,0.000985021022267718,1,25608.55,25530.2,0
2026-01-12 09:45:00+05:30,25558.4,25608.55,25546.0,25557.55,1666535,11.81,2470.0,25681.745342025504,-0.004835938538112991,29.77251767599101,67.07546903332752,25815.896280092158,25547.59440395885,0.010447182329709488,1654237.0,0.0074342430981775886,-1.9563652299270373e-06,-1,25608.55,25545.95,0
2026-01-12 10:00:00+05:30,25557.9,25596.25,25556.4,25556.9,1670305,11.73,3770.0,25669.855309451646,-0.00440030954946812,29.594345421020265,65.68802918051135,25801.23136781267,25538.479251090623,0.01023582383128206,1661556.0,0.005265546271085657,-2.5432797744584512e-05,-1,25598.2,25538.8,0
2026-01-12 10:15:00+05:30,25556.9,25598.2,25545.95,25583.15,1670110,11.66,-195.0,25661.597660932443,-0.0030570061135309135,34.59891521552983,64.83918624070273,25791.276033413847,25531.919288451038,0.010106804275778123,1665859.0,0.002551836620026065,0.0010271198776063972,0,25598.2,25529.55,0
2026-01-12 10:30:00+05:30,25582.85,25593.0,25558.25,25563.15,1670890,11.65,780.0,25652.22169322459,-0.0034722798785149587,29.273140261215048,65.0041728922781,25782.230039009148,25522.213347440033,0.010136225028719142,1668381.0,0.0015038531366636278,-0.0007817645598763301,-1,25593.0,25501.65,0
2026-01-12 10:45:00+05:30,25561.8,25582.65,25538.8,25547.35,1672775,11.63,1885.0,25642.233912917487,-0.0037002982360943965,30.089012111483783,65.26442868288964,25772.762770283265,25511.70505555171,0.010180771130086533,1670123.0,0.00158790699846658,-0.0006180771931473261,-1,25582.65,25473.4,0
2026-01-12 11:00:00+05:30,25547.6,25551.5,25529.55,25532.85,1674985,11.62,2210.0,25631.816397401537,-0.003861076244739771,28.857462895547386,66.85126514363076,25765.518927688798,25498.113867114276,0.010432544320254653,1671813.0,0.0018973413892582483,-0.0005675735448099628,-1,25551.5,25473.4,0
2026-01-12 11:15:00+05:30,25531.9,25532.95,25501.65,25502.4,1679925,11.64,4940.0,25619.49102622044,-0.004570388463244658,28.32211075992845,71.20675585178401,25761.90453792401,25477.07751451687,0.011117591021446547,1673737.0,0.003697116094105585,-0.0011925813217089631,-1,25578.9,25473.4,1
2026-01-12 11:30:00+05:30,25501.95,25502.5,25473.4,25480.6,1682590,11.74,2665.0,25606.26330943754,-0.004907522347910403,27.294398092967683,75.89279766111073,25758.048904759762,25454.47771411532,0.011855349098615098,1676233.0,0.0037924321976718035,-0.0008548215069955623,-1,25678.9,25473.4,1
2026-01-12 11:45:00+05:30,25481.45,25502.85,25474.5,25501.55,1683500,11.65,910.0,25596.290613300633,-0.003701341523736382,30.197075651621105,77.22195130366805,25750.73451590797,25441.846710693295,0.012067678472683375,1678755.0,0.002826499399852867,0.0008221941398554033,1,25737.25,25474.5,1
2026-01-12 12:00:00+05:30,25501.45,25578.9,25496.2,25578.3,1684995,11.49,1495.0,25594.577221557716,-0.0006359636815570081,39.35041979672981,73.07686918032738,25740.73095991837,25448.42348319706,0.011420680021043962,1681199.0,0.002257912358977135,0.003009620983822625,1,25738.4,25496.2,0
2026-01-12 12:15:00+05:30,25577.5,25678.9,25566.25,25660.8,1694550,11.6,9555.0,25600.884152837934,0.002340381949481344,46.67314230208839,71.77902214244078,25744.442197122815,25457.326108553054,0.011215084871900146,1685112.0,0.00560081466395112,0.0032253902722230166,1,25738.4,25566.25,0
2026-01-12 12:30:00+05:30,25660.95,25737.25,25656.45,25723.05,1689155,11.69,-5395.0,25612.518995424798,0.004315506982930712,51.70229612034825,74.82987595549316,25762.178747335784,25462.859243513813,0.011686453170632646,1686958.0,0.0013023442195952714,0.0024258791619902187,0,25738.4,25656.45,0
2026-01-12 12:45:00+05:30,25723.35,25738.4,25708.85,25709.05,1690390,11.7,1235.0,25621.71242443196,0.0034087329574723118,71.47895889078073,77.7760067774846,25777.26443798693,25466.16041087699,0.012142202751962946,1688518.0,0.0011086645211955098,-0.0005442589428547029,-1,25757.9,25673.1,0
2026-01-12 13:00:00+05:30,25709.5,25726.55,25673.1,25722.3,1692860,11.68,2470.0,25631.292193533678,0.003550652295606105,70.62875751503012,81.80473638320107,25794.90166630008,25467.682720767276,0.012766385052383582,1690390.0,0.0014612012612474044,0.0005153827154251722,1,25757.9,25673.1,0
2026-01-12 13:15:00+05:30,25721.8,25728.25,25687.25,25689.05,1693770,11.69,910.0,25636.79293700666,0.0020383619402685434,65.20582793709522,83.23022204602293,25803.253381098704,25470.332492914615,0.012986058318687706,1692145.0,0.0009603195943610033,-0.0012926526788039627,-1,25757.9,25687.25,1
2026-01-12 13:30:00+05:30,25689.15,25757.9,25689.15,25730.45,1694875,11.61,1105.0,25645.71265729174,0.0033041523875986826,68.33984994187863,86.6028276856252,25818.91831266299,25472.50700192049,0.013507572020776204,1692210.0,0.0015748636398555734,0.0016115815882642437,1,25770.9,25689.15,0
2026-01-12 13:45:00+05:30,25730.55,25748.5,25727.4,25741.7,1694940,11.55,65.0,25654.85430897824,0.0033851562739675455,67.30328495034351,89.69030557681195,25834.234920131865,25475.473697824615,0.013984145767754258,1693367.0,0.0009289185392180195,0.0004372251554092266,1,25770.9,25704.65,0
2026-01-12 14:00:00+05:30,25741.3,25743.65,25715.1,25728.45,1695265,11.55,325.0,25661.863422408882,0.0025947678270695257,68.30970314576842,91.22765782710752,25844.318738063095,25479.40810675467,0.014219958438005453,1694342.0,0.0005447542467813464,-0.0005147290194509324,-1,25813.15,25704.65,1
2026-01-12 14:15:00+05:30,25727.95,25770.9,25727.0,25755.7,1695980,11.49,715.0,25670.80023932232,0.003307250256563118,72.50729177919426,94.83467813843157,25860.469595599185,25481.130883045458,0.014777050540584964,1694966.0,0.0005982420886318664,0.0010591388132592527,1,25813.15,25704.65,0
2026-01-12 14:30:00+05:30,25756.0,25763.7,25704.65,25760.8,1697865,11.49,1885.0,25679.37164510115,0.003170963683388403,75.13507553203223,98.4883245484296,25876.348294198007,25482.394996004292,0.015341235900874151,1695785.0,0.0012265705853041512,0.0001980144201088052,1,25813.15,25704.65,0
2026-01-12 14:45:00+05:30,25760.35,25813.15,25755.2,25810.45,1698840,11.41,975.0,25691.855297948656,0.004616042737124322,82.58753834761409,104.57389413957398,25901.003086227804,25482.707509669508,0.016281252237618435,1696578.0,0.0013332720334697256,0.001927346976801969,1,25899.8,25755.2,0
2026-01-12 15:00:00+05:30,25808.95,25808.95,25775.1,25778.5,1696370,11.35,-2470.0,25700.1071743345,0.0030502917802533135,80.85128417564205,106.59071041156082,25913.28859515762,25486.925753511376,0.01658992465494595,1696864.0,-0.0002911252758028929,-0.0012378707074073292,0,25899.8,25709.85,0
2026-01-12 15:15:00+05:30,25778.3,25807.95,25778.3,25806.1,1697735,11.3,1365.0,25710.201729159784,0.003729969599244701,81.1114516293798,110.2774651312681,25930.75665942232,25489.646798897247,0.017156997256259535,1697358.0,0.00022210989078320543,0.0010706596582423789,1,25899.8,25700.85,0
2026-01-13 09:15:00+05:30,25897.35,25899.8,25760.05,25762.85,1695135,11.6,-2600.0,25715.215850192184,0.0018523721552762523,70.23796468911054,109.50057449976262,25934.21699919171,25496.214701192657,0.017032806590102183,1697189.0,-0.001210236455692324,-0.0016759603349595364,0,25899.8,25700.85,0
2026-01-13 09:30:00+05:30,25761.4,25778.0,25709.85,25730.2,1687010,11.59,-8125.0,25716.64291207864,0.0005271717606263328,58.544693425264924,105.75298835513463,25928.14888878891,25505.136935368373,0.016448956999043442,1695018.0,-0.004724433604834875,-0.0012673287310991377,0,25803.6,25700.85,1
2026-01-13 09:45:00+05:30,25732.4,25789.75,25700.85,25709.85,1686750,11.67,-260.0,25715.99596807115,-0.0002389939739756964,48.187808896210775,99.55175627591997,25915.09948062299,25516.89245551931,0.015484798862081418,1692600.0,-0.0034562211981566822,-0.0007908994100318534,0,25827.05,25700.85,1
2026-01-13 10:00:00+05:30,25710.15,25771.0,25705.2,25738.1,1687335,11.57,585.0,25718.101113969136,0.0007776190762388568,53.83802351697703,89.06128622435251,25896.22368641784,25539.97854152043,0.013851922555196362,1690793.0,-0.0020451941781164224,0.0010988006542240747,1,25827.05,25705.2,1
2026-01-13 10:15:00+05:30,25738.9,25803.6,25726.1,25799.45,1687985,11.41,650.0,25725.848626924457,0.002860989121988123,59.04348845387421,73.8488393878747,25873.546305700205,25578.15094814871,0.01148243394553518,1688843.0,-0.000508040119774307,0.002383625830966629,1,25827.05,25726.1,0
2026-01-13 10:30:00+05:30,25799.3,25827.05,25750.2,25767.7,1687920,11.47,-65.0,25729.83447197927,0.0014716584384547142,59.25185272320914,53.14117066574391,25836.116813310757,25623.552130647782,0.008261408867377877,1687400.0,0.0003081664098613251,-0.0012306463897485687,0,25827.05,25750.2,0
2026-01-13 10:45:00+05:30,25766.9,25799.6,25754.95,25778.9,1690000,11.41,2080.0,25734.507379409813,0.0017250231347232458,56.135241230847214,39.04034847692214,25812.588076363656,25656.42668245597,0.0060681710982596814,1687998.0,0.001186020362583368,0.00043465268533871004,1,25819.3,25754.95,0
2026-01-13 11:00:00+05:30,25779.75,25799.55,25759.65,25788.6,1690390,11.4,390.0,25739.65905756126,0.0019013827001084867,55.96236969234654,34.724035642546504,25809.107128846354,25670.210986276168,0.005396192010918787,1688726.0,0.0009853581930994134,0.0003762767224357866,1,25819.3,25752.15,0
2026-01-13 11:15:00+05:30,25788.0,25803.95,25775.7,25795.9,1691625,11.31,1235.0,25745.01533779352,0.0019764859930684444,58.70659610171684,35.39023765167057,25815.795813096862,25674.23486249018,0.0054985770545987,1689584.0,0.0012079896589929828,0.0002830708142358418,1,25819.3,25712.95,0
2026-01-13 11:30:00+05:30,25794.3,25819.3,25786.75,25789.7,1693575,11.31,1950.0,25749.271019908425,0.0015701019287232458,54.6410046410046,34.4362946343974,25818.14360917722,25680.39843063963,0.005349478765091606,1690702.0,0.0016992941393574976,-0.00024034827239993728,-1,25819.3,25703.85,0
2026-01-13 11:45:00+05:30,25788.45,25790.4,25752.15,25754.2,1691950,11.33,-1625.0,25749.74044658381,0.0001731882861281677,49.168137131333694,33.35725785050286,25816.454962284817,25683.025930882806,0.005181762188197619,1691508.0,0.0002613052968120754,-0.0013765185325924634,0,25790.4,25687.95,0
2026-01-13 12:00:00+05:30,25753.65,25754.0,25712.95,25713.7,1692080,11.42,130.0,25746.308023099642,-0.0012665125838774748,37.517739646497326,30.9326862547778,25808.1733956092,25684.442650590085,0.004805766516430364,1691924.0,9.220272305375418e-05,-0.0015725590389140676,-1,25754.0,25650.85,0
2026-01-13 12:15:00+05:30,25712.8,25732.85,25703.85,25732.6,1695265,11.39,3185.0,25745.002497090154,-0.00048174386821509614,43.87182910547377,30.820565054072503,25806.6436271983,25683.361366982008,0.004788589949844689,1692899.0,0.0013976025740460593,0.0007350167420479004,1,25734.4,25627.4,0
2026-01-13 12:30:00+05:30,25731.4,25734.4,25687.95,25704.05,1697020,11.41,1755.0,25741.102259272044,-0.0014394200721804017,36.4096417632176,33.19516689598474,25807.492593064013,25674.711925480075,0.005158313200675399,1693978.0,0.0017957730265682316,-0.0011094875760707668,-1,25734.4,25627.4,0
2026-01-13 12:45:00+05:30,25704.25,25707.6,25650.85,25653.0,1701245,11.53,4225.0,25732.711567912804,-0.003097674634965381,35.66862361382928,40.48988592020428,25813.69133975321,25651.731796072396,0.006293916723598223,1695512.0,0.003381279519106913,-0.0019860683433154946,-1,25707.6,25627.4,0
2026-01-13 13:00:00+05:30,25651.45,25670.3,25627.4,25658.45,1705925,11.56,4680.0,25725.639037635396,-0.0026117538824633486,39.92416795393914,46.05081546782988,25817.740668571056,25633.537406699736,0.007160298782154234,1698307.0,0.004485643643934813,0.00021245078548326468,1,25686.65,25627.4,0
2026-01-13 13:15:00+05:30,25658.2,25676.8,25639.6,25654.35,1709565,11.54,3640.0,25718.849605479645,-0.002507872881915539,41.83343143025316,50.8407867629237,25820.53117900549,25617.1680319538,0.007907163429594596,1701804.0,0.004560454670455587,-0.00015979141374489192,-1,25686.65,25620.95,0
2026-01-13 13:30:00+05:30,25655.1,25681.2,25647.65,25676.15,1711580,11.5,2015.0,25714.782976386345,-0.0015023644734555813,40.70796460177051,50.79558174672978,25816.374139879805,25613.191812892885,0.007901382141684827,1705067.0,0.0038197912457399036,0.0008497584230355848,1,25686.65,25609.65,0
2026-01-13 13:45:00+05:30,25675.25,25686.65,25658.95,25663.65,1712230,11.54,650.0,25709.913169111456,-0.00179942922432879,26.133567662566335,52.627448061465486,25815.168065234386,25604.658272988527,0.008187884216535232,1708109.0,0.0024126094997450396,-0.0004868331116619773,-1,25702.3,25603.3,0
2026-01-13 14:00:00+05:30,25662.95,25667.5,25620.95,25636.55,1711125,11.53,-1105.0,25702.92620062465,-0.002582437505619012,26.56780418081138,54.0183508657154,25810.96290235608,25594.88949889322,0.008406568255158862,1710085.0,0.0006081569044813562,-0.001055968266400198,0,25726.05,25603.3,1
2026-01-13 14:15:00+05:30,25636.25,25649.05,25609.65,25612.6,1715220,11.52,4095.0,25694.323705327064,-0.003180613207193393,21.582365003417706,58.77409718564975,25811.871899698363,25576.775510955766,0.009149740286562033,1711944.0,0.0019136139967195188,-0.0009342130668908988,-1,25757.15,25603.3,1
2026-01-13 14:30:00+05:30,25611.65,25702.3,25603.3,25692.65,1718340,11.37,3120.0,25694.164304819726,-5.893574905801269e-05,36.78192588510896,58.95946036976089,25812.083225559247,25576.245384080205,0.009178653902933268,1713699.0,0.0027081768735349675,0.003125414834886042,1,25757.15,25603.3,0
2026-01-13 14:45:00+05:30,25692.9,25726.05,25687.8,25707.95,1718015,11.27,-325.0,25695.47722817023,0.0004854072846755696,38.145302601428924,58.971433483453666,25813.42009513714,25577.534361203325,0.009180048762636315,1714986.0,0.0017661951759372963,0.0005955010479650191,0,25757.15,25638.35,0
2026-01-13 15:00:00+05:30,25711.85,25757.15,25702.05,25737.4,1721135,11.19,3120.0,25699.4698731064,0.0014759108682351543,43.36631151699668,58.957778101556315,25817.385429309514,25581.55431690329,0.009176497163975077,1716767.0,0.002544317312716286,0.0011455600310410485,1,25757.15,25638.35,0
2026-01-13 15:15:00+05:30,25738.85,25749.65,25710.45,25714.2,1720940,11.13,-195.0,25700.872742334363,0.0005185527277322988,44.76302697041123,55.58277161124649,25812.038285556857,25589.70719911187,0.008650721268261285,1718730.0,0.0012858331442402238,-0.000901411953033393,0,25761.5,25638.35,0
2026-01-14 09:15:00+05:30,25648.55,25744.8,25638.35,25737.5,1730625,11.31,9685.0,25704.361052588232,0.0012892344355095687,53.26295585412651,54.376053891672164,25813.113160371577,25595.608944804888,0.008461763166246366,1721811.0,0.005119028743572901,0.0009061141314914423,1,25761.5,25638.35,0
2026-01-14 09:30:00+05:30,25737.7,25750.45,25703.15,25706.65,1732900,11.28,2275.0,25704.579047579828,8.056745128330901e-05,46.555157307845946,51.90909634045413,25808.397240260736,25600.76085489892,0.008077797538620516,1724723.0,0.004741051171695397,-0.0011986401165613447,-1,25761.5,25661.35,0
2026-01-14 09:45:00+05:30,25704.9,25761.5,25674.4,25729.9,1736670,11.24,3770.0,25706.99056685794,0.0008911752265391786,53.480543961222764,48.574693635985454,25804.13995412991,25609.841179585972,0.007558207719359932,1728454.0,0.004753380766858707,0.0009044352336846639,1,25761.5,25661.35,0
2026-01-14 10:00:00+05:30,25729.6,25733.8,25692.65,25696.8,1736865,11.25,195.0,25706.020036680995,-0.00035867227473717185,56.196943972835,43.44264359914498,25792.905323879284,25619.134749482706,0.006759917488145481,1731600.0,0.0030405405405405407,-0.0012864410666191262,-1,25733.8,25661.35,0
2026-01-14 10:15:00+05:30,25697.9,25703.75,25661.35,25688.9,1734850,11.27,-2015.0,25704.38955699709,-0.0006026035733212071,54.2784881270198,37.79818595950793,25779.985928916103,25628.793185078073,0.005881981499804695,1734382.0,0.00026983674876699597,-0.00030743127548948923,0,25737.9,25661.35,0
2026-01-14 10:30:00+05:30,25689.9,25718.9,25662.25,25675.0,1736085,11.32,1235.0,25701.590551568795,-0.0010345877822402875,52.82373854779174,35.16830389244722,25771.92715935369,25631.2539437839,0.005473327235819789,1735474.0,0.0003520651994786439,-0.0005410897313625762,-1,25774.4,25662.0,1
2026-01-14 10:45:00+05:30,25674.95,25729.0,25662.0,25728.8,1737060,11.3,975.0,25704.18192760986,0.0009577458041446065,56.62014334213468,35.86798629386385,25775.91790019759,25632.445955022133,0.005581657707664621,1736306.0,0.0004342552522424043,0.0020954235637780094,1,25777.35,25662.0,0
2026-01-14 11:00:00+05:30,25729.3,25737.9,25710.75,25726.25,1736930,11.3,-130.0,25706.283648789875,0.0007767109195134497,58.07325251483078,35.50060266334945,25777.284854116573,25635.282443463177,0.00552403500223889,1736358.0,0.0003294251531078268,-9.91107241690159e-05,0,25786.05,25710.75,0
2026-01-14 11:15:00+05:30,25723.7,25774.4,25720.3,25770.4,1734590,11.24,-2340.0,25712.389967952742,0.0022561120191301356,66.53489808523793,39.727291676312774,25791.844551305367,25632.935384600118,0.006180256557376005,1735903.0,-0.0007563786686237652,0.0017161459598660223,0,25791.75,25720.3,0
2026-01-14 11:30:00+05:30,25770.7,25777.35,25748.5,25761.15,1734070,11.23,-520.0,25717.033780528673,0.0017154474286506106,69.04243045763387,41.27518083084841,25799.584142190368,25634.483418866977,0.00641989759520378,1735747.0,-0.0009661546296781731,-0.00035893893769600727,0,25791.75,25734.5,0
2026-01-14 11:45:00+05:30,25760.95,25786.05,25759.4,25775.65,1735565,11.23,1495.0,25722.61627762118,0.002061754597838576,62.788906009245,43.50945601987865,25809.635189660938,25635.59736558142,0.006765945664358097,1735643.0,-4.4940117293706133e-05,0.0005628630709419991,1,25791.75,25734.5,0
2026-01-14 12:00:00+05:30,25776.45,25791.75,25742.2,25743.35,1735955,11.2,390.0,25724.590917847734,0.000729227617736358,55.183016105416904,42.63948164230918,25809.869881132352,25639.311954563116,0.006630151169902674,1735422.0,0.0003071299084603053,-0.0012531206778492177,-1,25791.75,25734.5,0
2026-01-14 12:15:00+05:30,25743.7,25774.9,25734.5,25755.85,1737060,11.19,1105.0,25727.567973290807,0.0010992887760923656,52.84239716530533,43.12199524224623,25813.8119637753,25641.323982806312,0.006704402885964871,1735448.0,0.0009288667825253192,0.00048556229084395497,1,25780.9,25734.5,0
2026-01-14 12:30:00+05:30,25756.1,25780.9,25751.85,25753.45,1736930,11.18,-130.0,25730.032928215493,0.0009101065610696925,56.46090534979424,42.37515719565706,25814.783242606805,25645.28261382418,0.0065876568932312345,1735916.0,0.0005841296468262289,-9.318271382996457e-05,0,25780.9,25705.6,0
2026-01-14 12:45:00+05:30,25753.5,25769.45,25741.15,25749.2,1737840,11.16,910.0,25731.85836362354,0.0006739364149840994,52.05479452054806,38.33621784517309,25808.53079931389,25655.185927933195,0.005959339166792301,1736670.0,0.0006737031214911295,-0.00016502643335170042,-1,25769.45,25658.8,0
2026-01-14 13:00:00+05:30,25749.1,25761.5,25736.05,25747.15,1737775,11.11,-65.0,25733.31470994511,0.0005376411943365244,57.913247362250836,28.43683026952852,25790.188370484168,25676.44104940605,0.004420235883337544,1737112.0,0.00038166796383883137,-7.96141239338688e-05,0,25761.5,25631.2,0
2026-01-14 13:15:00+05:30,25746.75,25757.3,25705.6,25715.5,1746095,11.16,8320.0,25731.618070902718,-0.0006263916578547342,47.275822928490115,27.297240437722774,25786.212551778164,25677.02359002727,0.004243377212036423,1739140.0,0.003999103004933473,-0.0012292622678626852,-1,25757.3,25631.2,0
2026-01-14 13:30:00+05:30,25715.85,25718.55,25658.8,25659.35,1750320,11.27,4225.0,25724.73539748341,-0.002541732557132903,43.483556638245965,31.3277011896912,25787.390799862795,25662.079995104028,0.004871218413816045,1741792.0,0.00489610699785049,-0.0021835080010110808,-1,25718.55,25603.95,0
2026-01-14 13:45:00+05:30,25659.85,25670.85,25631.2,25635.95,1749735,11.33,-585.0,25716.279645342132,-0.003123688435884676,41.25804853888058,37.44723656431974,25791.17411847077,25641.385172213493,0.0058246740322879095,1744353.0,0.003085384666979677,-0.0009119482761643649,0,25680.3,25603.95,0
2026-01-14 14:00:00+05:30,25636.05,25664.1,25632.2,25663.2,1753375,11.3,3640.0,25711.224441023835,-0.0018678395163167667,48.13409234661619,39.78115462308967,25790.786750270014,25631.662131777655,0.006188916395536003,1747460.0,0.0033849129593810446,0.0010629604130136805,1,25715.65,25603.95,0
2026-01-14 14:15:00+05:30,25663.25,25669.75,25603.95,25624.3,1757275,11.41,3900.0,25702.94592283109,-0.0030598019023661293,32.65847992034534,45.018237824577824,25792.982398480246,25612.909447181937,0.007005926551724795,1751360.0,0.003377375296912114,-0.001515789145546953,-1,25715.65,25603.95,1
2026-01-14 14:30:00+05:30,25624.4,25680.3,25618.35,25676.65,1758900,11.34,1625.0,25700.441549228133,-0.0009257253103048849,42.93648533181462,45.815759756806045,25792.073068741745,25608.81002971452,0.007130735037224614,1753921.0,0.0028387823624895308,0.0020429826375745197,1,25715.65,25618.35,0
2026-01-14 14:45:00+05:30,25676.4,25715.65,25675.65,25678.2,1756235,11.25,-2665.0,25698.3233064445,-0.0007830591204156133,35.056726094003295,46.31768702738719,25790.958680499276,25605.687932389726,0.00720944887727707,1755104.0,0.0006444062574069685,6.03661303169023e-05,0,25743.25,25648.3,1
2026-01-14 15:00:00+05:30,25681.25,25694.1,25649.4,25652.85,1757860,11.31,1625.0,25693.99251535455,-0.0016012503829431416,33.3179297597041,48.04978305157878,25790.092081457708,25597.89294925139,0.0074803140108125185,1756729.0,0.0006438101722007208,-0.0009872187302849555,-1,25743.25,25648.3,1
2026-01-14 15:15:00+05:30,25655.25,25677.4,25648.3,25669.1,1756885,11.39,-975.0,25691.6217996065,-0.0008766203933005596,33.6755017619119,48.686714050015524,25788.99522770653,25594.248371506466,0.007580169820304911,1757431.0,-0.00031068076072403414,0.0006334578808981917,0,25755.85,25648.3,1
2026-01-16 09:15:00+05:30,25696.05,25743.25,25678.4,25725.55,1758770,11.3,1885.0,25694.853056786833,0.0011946728453875448,47.46077032810284,48.18928659041671,25791.231629967668,25598.474483605998,0.007501780451348261,1757730.0,0.0005916722135936691,0.0021991421592497673,1,25789.5,25678.4,0
2026-01-16 09:30:00+05:30,25725.75,25727.5,25683.8,25725.75,1757860,11.21,-910.0,25697.795622807134,0.001087812262311549,45.54997043169749,48.133436444278715,25794.062495695693,25601.528749918576,0.007492228072910671,1757522.0,0.00019231622705149636,7.77437217092114e-06,0,25865.65,25683.8,0
2026-01-16 09:45:00+05:30,25726.2,25755.85,25715.2,25739.25,1760525,11.17,2665.0,25701.74365873026,0.0014592917028412658,47.96736329802456,48.444907056623684,25798.63347284351,25604.853844617013,0.00753955182183427,1758380.0,0.0012198728374981517,0.0005247660418064015,1,25873.5,25715.2,1
2026-01-16 10:00:00+05:30,25738.2,25789.5,25736.8,25784.95,1767480,11.21,6955.0,25709.668072184522,0.0029281563497479176,54.574536148432415,49.48058470901478,25808.629241602554,25610.70690276649,0.007698362276804189,1760304.0,0.004076568592697625,0.0017754985090863151,1,25873.5,25736.8,0
2026-01-16 10:15:00+05:30,25784.2,25865.65,25783.9,25857.5,1768195,11.27,715.0,25723.74730340504,0.005199580567223713,61.96205962059585,58.41921294212799,25840.585729289298,25606.908877520786,0.009084090626935236,1762566.0,0.0031936392736498947,0.0028136568036780663,1,25873.5,25783.9,0
2026-01-16 10:30:00+05:30,25857.0,25873.5,25839.75,25844.55,1765010,11.23,-3185.0,25735.25232212837,0.004247002380374955,64.58027341543298,63.86047965549907,25862.97328143937,25607.53136281737,0.009925759243570956,1763814.0,0.0006780760329603915,-0.0005008218118534025,0,25873.5,25800.95,0
2026-01-16 10:45:00+05:30,25844.8,25863.9,25827.0,25829.7,1771055,11.24,6045.0,25744.247339068526,0.0033192914831032777,71.22741433021815,68.28225476489438,25880.811848598314,25607.68282953874,0.010609322364809824,1766453.0,0.0026052207446221327,-0.0005745892267421393,-1,25863.9,25797.15,0
2026-01-16 11:00:00+05:30,25829.3,25841.8,25801.85,25812.5,1781520,11.34,10465.0,25750.74759249057,0.0023980821250967482,72.34527275028431,70.78466469912476,25892.31692188882,25609.17826309232,0.010995356844671626,1770652.0,0.00613785204546122,-0.0006659001072408799,-1,25841.8,25770.25,0
2026-01-16 11:15:00+05:30,25812.4,25823.4,25800.95,25813.15,1782885,11.33,1365.0,25756.69067892004,0.0021920254346249938,70.34875831184658,73.16713432984314,25903.024947579728,25610.356410260352,0.011362816014205723,1773733.0,0.0051597393745281845,2.5181598062973265e-05,1,25830.65,25770.25,0
2026-01-16 11:30:00+05:30,25814.75,25830.65,25797.15,25798.45,1786265,11.31,3380.0,25760.66775711813,0.0014666639560004851,75.2941176470585,74.65331169718591,25909.974380512504,25611.36113372376,0.011591828659264143,1777347.0,0.005017590824976778,-0.0005694771850781599,-1,25830.65,25744.9,0
2026-01-16 11:45:00+05:30,25798.65,25799.45,25770.25,25775.65,1791465,11.32,5200.0,25762.094637392594,0.0005261747073831476,65.72926596758796,75.2139577961249,25912.522552984843,25611.666721800346,0.011678236394171834,1782638.0,0.004951650307016904,-0.0008837740251836923,-1,25829.2,25737.8,0
2026-01-16 12:00:00+05:30,25775.9,25826.6,25773.45,25824.65,1796015,11.26,4550.0,25768.052290974254,0.002196429454063623,70.2195222973904,77.71141431258825,25923.475119599432,25612.629462349076,0.012063218971316509,1787630.0,0.004690567958693913,0.0019010189849721915,1,25829.2,25737.8,0
2026-01-16 12:15:00+05:30,25823.95,25829.2,25744.9,25752.05,1799980,11.3,3965.0,25766.52826326242,-0.0005619019805265006,62.11529066927205,75.40572447025463,25917.339712202927,25615.71681432191,0.011705996818790202,1791322.0,0.004833301885423168,-0.0028112675292792932,-1,25829.2,25704.1,0
2026-01-16 12:30:00+05:30,25752.1,25774.6,25737.8,25759.55,1807065,11.31,7085.0,25765.863666761234,-0.0002450399816940416,61.28790715087977,71.00362198871092,25907.870910738657,25623.85642278381,0.011022898033929817,1796158.0,0.0060724056569633625,0.00029123894990878973,1,25774.6,25662.4,0
2026-01-16 12:45:00+05:30,25759.5,25767.85,25738.1,25745.65,1809470,11.32,2405.0,25763.938555641118,-0.0007098509259995185,52.80647863725245,68.00592272960769,25899.950401100334,25627.926710181902,0.010558311584657568,1800799.0,0.004815084859554009,-0.0005396056996336274,-1,25767.85,25662.4,0
2026-01-16 13:00:00+05:30,25744.55,25746.35,25704.1,25717.05,1815775,11.37,6305.0,25759.472978913393,-0.001646888464997735,48.874514877102115,61.5123604929189,25882.49769989923,25636.448257927554,0.009551804191533462,1805661.0,0.0056012728856634775,-0.0011108672727238034,-1,25746.35,25662.4,0
2026-01-16 13:15:00+05:30,25717.75,25723.1,25662.4,25701.65,1821625,11.39,5850.0,25753.96602854069,-0.002031377554925385,45.159629248197945,59.98289860443397,25873.931825749558,25634.000231331822,0.009316296921097221,1810783.0,0.005987465091068339,-0.0005988245152533933,-1,25723.1,25662.4,0
2026-01-16 13:30:00+05:30,25701.75,25719.75,25683.8,25696.35,1828580,11.41,6955.0,25748.47878772729,-0.0020245385429192115,37.27011494252855,58.7996417370966,25866.078071201482,25630.8795042531,0.009134464559533064,1816503.0,0.006648488882209388,-0.0002062124416137845,-1,25719.75,25667.4,0
2026-01-16 13:45:00+05:30,25697.15,25717.1,25676.5,25683.7,1834235,11.48,5655.0,25742.30937937231,-0.002276772394759307,19.83686220062515,56.15000556535938,25854.60939050303,25630.00936824159,0.00872493679379884,1821937.0,0.006749958972236691,-0.0004922878151955024,-1,25720.45,25667.4,0
2026-01-16 14:00:00+05:30,25684.2,25697.55,25667.4,25688.05,1839890,11.45,5655.0,25737.14181943209,-0.0019074308940950767,22.003577817531294,54.62413940057147,25846.390098233234,25627.893540630947,0.008489542433857914,1828021.0,0.006492813813408052,0.0001693681206367259,1,25720.45,25667.4,0
2026-01-16 14:15:00+05:30,25687.65,25710.5,25671.7,25697.8,1843790,11.4,3900.0,25733.39497948618,-0.0013832212778203564,25.965743440233098,55.98201655551033,25845.3590125972,25621.43094637516,0.008701847012434578,1833624.0,0.005544211899495207,0.0003795539170936557,1,25720.45,25671.7,0
2026-01-16 14:30:00+05:30,25697.85,25720.45,25680.7,25710.2,1847430,11.37,3640.0,25731.185933820827,-0.0008155836219442363,31.02744807121691,56.622102342407146,25844.430138505642,25617.94172913601,0.008802097577319076,1838785.0,0.00470147407119375,0.00048253157857880424,1,25720.45,25680.7,0
2026-01-16 14:45:00+05:30,25711.05,25716.15,25687.5,25706.35,1848470,11.37,1040.0,25728.820606790272,-0.0008733632657978531,30.425219941348644,57.772431278069256,25844.365469346412,25613.27574423413,0.00898174574901782,1842763.0,0.003096979915485605,-0.00014974601520023612,-1,25716.15,25528.3,0
2026-01-16 15:00:00+05:30,25701.9,25709.05,25682.45,25682.45,1853995,11.4,5525.0,25724.404358524534,-0.0016309166167585505,29.432624113475185,59.94580227602145,25844.295963076576,25604.512753972493,0.009321234644044323,1846715.0,0.003942135088522051,-0.0009297313698753973,-1,25710.75,25528.3,0
2026-01-16 15:15:00+05:30,25682.85,25710.75,25681.6,25701.9,1866280,11.3,12285.0,25722.261086284103,-0.0007915745126682751,36.76655302350627,55.881734611115185,25834.024555506334,25610.497617061872,0.008690019034277404,1851993.0,0.007714392009041071,0.0007573265011711072,1,25710.75,25528.3,0
2026-01-19 09:15:00+05:30,25653.1,25653.3,25528.3,25554.75,1906125,12.02,39845.0,25706.307649495142,-0.005895737791736826,14.185244161358895,65.94177136318781,25838.19119222152,25574.424106768765,0.010260792372409558,1864460.0,0.02234695300515967,-0.005725257665775696,-1,25653.3,25504.85,0
2026-01-19 09:30:00+05:30,25556.35,25596.3,25532.35,25565.6,1930110,11.95,23985.0,25692.906920971793,-0.0049549442327944644,20.409458816060763,71.66464756429335,25836.23621610038,25549.577625843205,0.011157110059165415,1880996.0,0.026110635004008516,0.0004245786008472141,1,25596.3,25496.25,0
2026-01-19 09:45:00+05:30,25564.75,25585.0,25540.15,25543.45,1952665,11.97,22555.0,25678.67292849829,-0.005265962492486074,17.22778283287832,78.21648681191185,25835.105902122115,25522.239954874465,0.012183883026931285,1901835.0,0.026726819098397074,-0.0008663985981161026,-1,25585.0,25494.35,0
2026-01-19 10:00:00+05:30,25541.8,25542.25,25504.85,25527.9,1998100,12.06,45435.0,25664.313601974645,-0.005315302956871131,17.141994869473223,83.46586223050419,25831.245326435655,25497.381877513635,0.013008859465321232,1930656.0,0.03493320405085111,-0.0006087666309758655,-1,25549.45,25494.35,0
2026-01-19 10:15:00+05:30,25526.55,25547.6,25496.25,25507.25,2017535,12.1,19435.0,25649.355163691347,-0.005540301609317181,17.56338899196031,89.0675453325456,25827.49025435644,25471.220073026256,0.013890024878072215,1960907.0,0.028878473073939762,-0.0008089188691589033,-1,25564.2,25494.35,0
2026-01-19 10:30:00+05:30,25506.4,25527.95,25494.35,25513.55,2039245,12.08,21710.0,25636.421338577886,-0.004792842844761205,20.0763601654466,92.99949193401854,25822.420322445923,25450.422354709848,0.014510526364937285,1987531.0,0.02601921680718439,0.0002469886012799183,1,25564.2,25494.35,0
2026-01-19 10:45:00+05:30,25513.85,25549.45,25511.9,25548.1,2060760,11.91,21515.0,25628.00978252285,-0.0031180643054595537,28.42381021685317,88.29580408899324,25804.60139070084,25451.418174344864,0.013781140999752112,2013661.0,0.023389736405482354,0.001354182385438385,1,25564.2,25508.7,0
2026-01-19 11:00:00+05:30,25546.85,25564.2,25526.5,25538.4,2067910,11.92,7150.0,25619.475517520674,-0.0031646048907295657,28.66999412800918,88.24500746268812,25795.96553244605,25442.985502595297,0.013777800783211117,2036710.0,0.015318823003765877,-0.0003796759837325636,-1,25564.2,25508.7,0
2026-01-19 11:15:00+05:30,25538.15,25538.4,25508.7,25521.9,2074800,11.92,6890.0,25610.182611090135,-0.0034471683560703594,26.449326718639327,87.2211941212201,25784.624999332576,25435.740222847693,0.013622892963434146,2052050.0,0.011086474501108648,-0.0006460858941829128,-1,25549.9,25508.7,0
2026-01-19 11:30:00+05:30,25521.8,25547.0,25511.85,25545.9,2085330,11.89,10530.0,25604.06045765298,-0.002271532585590148,29.305177111716716,84.38267485552524,25772.82580736403,25435.29510794193,0.013182702016359902,2065609.0,0.009547305419370268,0.0009403688596851811,1,25556.25,25511.85,0
2026-01-19 11:45:00+05:30,25546.05,25549.9,25524.85,25534.45,2090595,11.86,5265.0,25597.430890257456,-0.0024604379450215044,25.99371670536783,82.92363021088705,25763.27815067923,25431.58362983568,0.012958117643352834,2075879.0,0.007089045170744538,-0.00044821282475859814,-1,25556.25,25511.45,0
2026-01-19 12:00:00+05:30,25535.15,25535.25,25512.75,25532.65,2103790,11.9,13195.0,25591.261281661507,-0.0022902849928505206,26.140109890109812,81.5292716241362,25754.31982490978,25428.202738413234,0.012743298695099449,2084485.0,0.009261280364214662,-7.049300063244335e-05,-1,25556.25,25510.65,0
2026-01-19 12:15:00+05:30,25532.4,25556.25,25518.35,25528.65,2105025,11.88,1235.0,25585.29830245565,-0.0022140958368349496,27.651845393780647,79.70554197190825,25744.709386399467,25425.88721851183,0.012461147183772954,2091908.0,0.006270352233463422,-0.00015666215610210532,-1,25565.25,25510.65,0
2026-01-19 12:30:00+05:30,25528.1,25531.4,25511.45,25527.0,2112955,11.92,7930.0,25579.746083174156,-0.002062025283700952,23.199509653692346,77.86127018434514,25735.468623542845,25424.023542805466,0.012175456305340027,2099539.0,0.006389974180046191,-6.46332649788528e-05,-1,25565.25,25510.65,0
2026-01-19 12:45:00+05:30,25526.95,25555.3,25510.65,25553.25,2122705,11.93,9750.0,25577.22264668138,-0.0009372654338797528,49.63485881207399,74.10728442768432,25725.43721553675,25429.008077826013,0.01158957490441981,2107014.0,0.007447031676106566,0.00102832295216837,1,25565.25,25510.65,0
2026-01-19 13:00:00+05:30,25553.05,25565.25,25522.65,25534.65,2124460,11.9,1755.0,25573.168108902202,-0.001506192300389733,42.73985456251514,68.91656334967438,25711.00123560155,25435.334982202854,0.010779511252762422,2113787.0,0.005049231545089453,-0.0007278917554518483,-1,25611.7,25522.35,1
2026-01-19 13:15:00+05:30,25533.4,25547.35,25522.35,25529.95,2129140,11.88,4680.0,25569.052098530567,-0.001529274467425917,46.55084312723551,60.772907528402136,25690.59791358737,25447.506283473762,0.009507260150937693,2118857.0,0.004853088245219002,-0.00018406361551859263,-1,25630.65,25522.35,1
2026-01-19 13:30:00+05:30,25529.45,25564.8,25529.45,25549.9,2138890,11.87,9750.0,25567.2280891467,-0.00067774610083977,55.49725137431289,50.054555171361784,25667.337199489426,25467.118978803977,0.007831049184813324,2125630.0,0.006238150571830469,0.0007814351379458184,1,25630.65,25529.45,1
2026-01-19 13:45:00+05:30,25548.25,25611.7,25540.8,25598.75,2144285,11.78,5395.0,25570.230175894634,0.0011153526545979952,70.0394218134038,41.31751086318098,25652.865197620995,25487.595154168273,0.006463377228747964,2131896.0,0.005811259085809064,0.0019119448608408973,1,25630.65,25540.8,0
2026-01-19 14:00:00+05:30,25597.85,25630.65,25587.0,25590.3,2140450,11.79,-3835.0,25572.141587714195,0.0007100857088374604,66.65220221306161,22.819741424165038,25617.781070562527,25526.502104865864,0.00356946896229126,2135445.0,0.0023437737801722826,-0.0003300942428829945,0,25636.3,25586.5,0
2026-01-19 14:15:00+05:30,25589.65,25615.35,25586.5,25592.3,2146235,11.82,5785.0,25574.061436503318,0.0007131664847980839,61.16725618999525,25.30576645294595,25624.67296940921,25523.449903597426,0.0039580363902349406,2139800.0,0.0030072904009720534,7.81546132715416e-05,1,25636.3,25585.7,0
2026-01-19 14:30:00+05:30,25591.95,25621.7,25591.75,25614.9,2156310,11.8,10075.0,25577.950823503,0.0014445714104293675,68.14516129032233,29.546353412589255,25637.043530328177,25518.858116677824,0.00462059742259554,2145234.0,0.005163073119296077,0.0008830781133388754,1,25636.3,25545.4,0
2026-01-19 14:45:00+05:30,25614.65,25636.3,25613.25,25628.95,2157610,11.78,1300.0,25582.807887931285,0.001803637515899226,75.6899448044152,34.77944076579883,25652.366769462882,25513.24900639969,0.0054379395597471784,2148978.0,0.004016793098859085,0.0005485088756933543,1,25636.3,25484.1,0
2026-01-19 15:00:00+05:30,25629.3,25633.7,25585.7,25591.15,2159105,11.82,1495.0,25583.602374794973,0.0002950180781602669,60.184559981994084,35.44394193255906,25654.49025866009,25512.714490929855,0.005541665542375453,2151942.0,0.0033286213104256526,-0.001474894601612653,-1,25633.7,25453.85,0
2026-01-19 15:15:00+05:30,25592.25,25594.1,25545.4,25555.5,2170220,11.86,11115.0,25580.925958147833,-0.0009939420562582975,54.27237669981715,33.68590443904619,25648.297767025924,25513.55414926974,0.005267347162359681,2157896.0,0.0057111186081256924,-0.0013930597100951791,-1,25594.1,25432.6,0
2026-01-20 09:15:00+05:30,25580.3,25585.0,25484.1,25488.35,2192710,12.11,22490.0,25572.10920022899,-0.0032754122694049403,42.89380814886072,35.78336499699438,25643.67593022298,25500.542470235003,0.0055972488959454185,2167191.0,0.01177515041359991,-0.002627614407857415,-1,25585.0,25432.6,0
2026-01-20 09:30:00+05:30,25488.75,25517.75,25453.85,25467.5,2244385,12.27,51675.0,25562.1464192548,-0.0037026006229081048,40.69395830162823,40.81579738007332,25643.778014014948,25480.514824494654,0.0063869123837470565,2184806.0,0.027269698087610525,-0.0008180207820435159,-1,25517.75,25432.6,0
2026-01-20 09:45:00+05:30,25468.95,25478.05,25432.6,25457.75,2283060,12.3,38675.0,25552.203903135294,-0.0036965070994797677,39.714837368186586,45.825598669332344,25643.85510047396,25460.55270579663,0.007173643235323448,2209896.0,0.033107440350134125,-0.0003828408756257895,-1,25504.0,25432.6,0
2026-01-20 10:00:00+05:30,25458.7,25489.5,25452.7,25468.7,2301650,12.28,18590.0,25544.25115045574,-0.002957657674548503,36.844562004045635,48.817081983693704,25641.88531442313,25446.616986488352,0.007644316006159091,2238405.0,0.028254493713157358,0.0004301244218360978,1,25504.0,25452.7,0
2026-01-20 10:15:00+05:30,25471.65,25500.45,25457.35,25482.6,2306720,12.25,5070.0,25538.3796123171,-0.00218414845279379,41.78114637612464,50.7376271537417,25639.854866624584,25436.90435800962,0.007946882758257815,2265705.0,0.018102533207103307,0.0005457679426117412,1,25504.0,25446.25,0
2026-01-20 10:30:00+05:30,25483.4,25504.0,25471.7,25482.45,2309970,12.25,3250.0,25533.05298257262,-0.0019818618089719573,42.39025953220118,52.41510899823954,25637.883200569097,25428.22276457614,0.008211334388255774,2289157.0,0.009091993253411626,-5.8863695227007184e-06,-1,25504.0,25443.85,0
2026-01-20 10:45:00+05:30,25483.45,25491.85,25456.7,25466.2,2315820,12.23,5850.0,25526.686031851415,-0.002369521518615543,36.42996108949394,54.87147806688495,25636.428987985186,25416.943075717645,0.008598292469052696,2303444.0,0.005372824344763754,-0.0006376937853307396,-1,25491.85,25443.85,0
2026-01-20 11:00:00+05:30,25466.95,25466.95,25446.25,25449.6,2338115,12.25,22295.0,25519.344505008423,-0.002733005347952267,22.994749230490555,58.13625527683226,25635.617015562086,25403.07199445476,0.009112499776853064,2314455.0,0.01022270901788974,-0.0006518444055257921,-1,25492.5,25443.85,0
2026-01-20 11:15:00+05:30,25450.6,25472.1,25443.85,25464.05,2347735,12.23,9620.0,25514.078361674285,-0.0019608139853264307,27.627148679780376,60.06408989336499,25634.206541461015,25393.950181887554,0.009416619176586037,2323672.0,0.010355592355547599,0.000567788884697551,1,25492.5,25427.25,0
2026-01-20 11:30:00+05:30,25464.0,25472.9,25452.55,25469.7,2360280,12.17,12545.0,25509.85185103864,-0.0015739742932690884,28.551434569629578,61.13630774737148,25632.12446653338,25387.579235543897,0.009586305417117738,2334384.0,0.011093290564020315,0.00022188143677071004,1,25492.5,25420.55,0
2026-01-20 11:45:00+05:30,25470.95,25492.5,25461.7,25474.4,2390895,12.18,30615.0,25506.475484273054,-0.001257542787235748,23.777528928704882,62.06962559121717,25630.61473545549,25382.33623309062,0.00973394001526999,2350569.0,0.017155846095136963,0.0001845329941068119,1,25492.5,25409.0,0
2026-01-20 12:00:00+05:30,25475.8,25476.4,25427.25,25437.35,2428530,12.3,37635.0,25499.892104818475,-0.002452641939087194,17.06772086627727,64.77344810127475,25629.439001021023,25370.345208615927,0.010160583869926939,2373111.0,0.023352889940672812,-0.0014544012812863771,-1,25476.4,25405.1,0
2026-01-20 12:15:00+05:30,25439.05,25444.45,25420.55,25432.95,2470520,12.28,41990.0,25493.516666264335,-0.002375767417936594,19.28155339805855,66.84713408596767,25627.21093443627,25359.8223980924,0.010488491636687528,2399592.0,0.029558358254236555,-0.00017297399296689608,-1,25444.45,25405.1,0
2026-01-20 12:30:00+05:30,25433.95,25435.3,25409.0,25409.75,2497365,12.38,26845.0,25485.538888524876,-0.0029737997244782812,20.261171189553508,67.09925969261211,25619.7374079101,25351.340369139652,0.010531346421373699,2429518.0,0.027926115385850197,-0.0009122024774947946,-1,25436.9,25405.1,0
2026-01-20 12:45:00+05:30,25411.95,25436.9,25405.1,25431.8,2520310,12.32,22945.0,25480.420899141554,-0.0019081670327978446,35.85896474118553,65.36233921868568,25611.145577578925,25349.696220704183,0.010260794274538472,2461524.0,0.023881952806472737,0.0008677771327934014,1,25436.9,25361.45,0
2026-01-20 13:00:00+05:30,25432.55,25433.7,25414.25,25415.95,2537470,12.39,17160.0,25474.280813509024,-0.0022897923570855037,36.778661195178486,63.16171683594935,25600.604247180923,25347.957379837124,0.009917723259524587,2490839.0,0.018721001236932617,-0.000623235476843842,-1,25436.15,25360.25,0
2026-01-20 13:15:00+05:30,25416.3,25436.15,25410.55,25416.75,2572505,12.4,35035.0,25468.801688412925,-0.0020437431273653407,38.978494623655905,56.853205424896075,25582.508099262715,25355.095277563134,0.008929074264339781,2519634.0,0.020983603174111794,3.147629736433011e-05,1,25436.15,25347.55,0
2026-01-20 13:30:00+05:30,25418.05,25419.25,25361.45,25372.45,2616575,12.48,44070.0,25459.625337135505,-0.0034240620583033524,28.06017779803952,48.5150179540837,25556.65537304367,25362.59530122734,0.007622267384008848,2548845.0,0.026572820238186315,-0.0017429451050979816,-1,25419.25,25347.55,0
2026-01-20 13:45:00+05:30,25372.75,25378.65,25360.25,25369.65,2649335,12.44,32760.0,25451.056257408316,-0.003198541411601287,22.881152460985092,42.3048226531716,25535.66590271466,25366.446612101972,0.006648812092560244,2579239.0,0.02717700841217119,-0.00011035591754049445,-1,25394.1,25332.95,0
2026-01-20 14:00:00+05:30,25371.75,25389.2,25347.55,25360.75,2690870,12.54,41535.0,25442.455661464664,-0.0032113905415355193,21.95852534562242,39.20602497979147,25520.86771142425,25364.04361150508,0.006163874352611975,2613351.0,0.029662682127276435,-0.00035081288074534367,-1,25394.1,25311.45,0
2026-01-20 14:15:00+05:30,25361.45,25392.35,25352.95,25389.45,2728830,12.39,37960.0,25437.407503229933,-0.0018853141077306399,33.27522336020951,39.14789636050375,25515.70329595094,25359.111710508925,0.006155956947347446,2651623.0,0.02911688426295895,0.0011316700018730863,1,25394.1,25213.85,0
2026-01-20 14:30:00+05:30,25390.4,25394.1,25332.95,25344.15,2756520,12.54,27690.0,25428.525836255656,-0.003318156813296374,29.575828006973367,43.40721645957458,25515.340269174805,25341.711403336507,0.006828113708060122,2688426.0,0.025328575158847594,-0.0017842056444704602,-1,25394.1,25171.35,0
2026-01-20 14:45:00+05:30,25344.65,25355.25,25311.45,25311.7,2784015,12.53,27495.0,25417.399566136068,-0.004158551541082587,22.415353974289744,50.21322534929126,25517.82601683465,25316.973115437486,0.00790218137282473,2721914.0,0.022815195483766204,-0.0012803743664712153,-1,25355.25,25130.15,0
2026-01-20 15:00:00+05:30,25310.3,25311.0,25213.85,25217.05,2832635,12.8,48620.0,25398.31865507549,-0.007137033657118386,15.404628234971867,66.8166912548173,25531.952037585124,25264.685272565857,0.01052301015074703,2758574.0,0.0268475668950697,-0.0037393774420525494,-1,25311.0,25130.15,0
2026-01-20 15:15:00+05:30,25215.05,25239.3,25171.35,25225.35,2950415,12.71,117780.0,25381.84544983021,-0.006165645052860303,16.23050847457587,76.19530393720744,25534.236057704624,25229.454841955794,0.01200784302115702,2810483.0,0.04978930667789131,0.00032914238580650235,1,25277.75,25130.15,0
2026-01-21 09:15:00+05:30,25141.0,25277.75,25130.15,25199.95,3030235,13.1,79820.0,25364.522073655902,-0.006488278122410566,16.760011201344,85.18951782552965,25534.90110930696,25194.143038004844,0.013434436900194318,2870764.0,0.05555002083069176,-0.0010069235907528284,-1,25277.75,25130.15,0
2026-01-21 09:30:00+05:30,25201.95,25251.3,25187.9,25199.45,3137940,13.1,107705.0,25348.800923783914,-0.005891833867525568,16.94507361268377,92.07312150635953,25532.94716679663,25164.654680771197,0.014528990429676654,2947048.0,0.06477397042735646,-1.984130920895666e-05,-1,25251.3,25092.2,0
2026-01-21 09:45:00+05:30,25199.65,25212.3,25158.1,25158.7,3204890,13.14,66950.0,25330.69607389973,-0.006790025564159301,16.14295347269025,101.28819653126435,25533.27246696226,25128.1196808372,0.01599453820546683,3031223.0,0.05729271650419649,-0.0016170987858862285,-1,25212.3,25026.2,0
2026-01-21 10:00:00+05:30,25158.95,25178.95,25137.95,25153.25,3274765,13.23,69875.0,25313.796447814042,-0.006342250880661796,10.673443456162502,107.3484151268186,25528.49327806768,25099.099617560405,0.016962831371125846,3119649.0,0.049722260420964025,-0.00021662486535478642,-1,25178.95,24919.8,0
2026-01-21 10:15:00+05:30,25153.8,25159.1,25092.2,25096.4,3334305,13.4,59540.0,25293.092024212703,-0.007776511627143541,9.565987599645581,115.65566392814613,25524.403352068995,25061.78069635641,0.018290474540231097,3196427.0,0.043135037965828724,-0.0022601453092542245,-1,25159.1,24919.8,0
2026-01-21 10:30:00+05:30,25096.75,25102.5,25026.2,25029.0,3433690,13.87,99385.0,25267.940402859113,-0.009456267469748978,8.012994044396322,126.8731891495422,25521.686781158198,25014.194024560027,0.020084452808854455,3277118.0,0.04777734582642432,-0.002685644156134037,-1,25102.5,24919.8,0
2026-01-21 10:45:00+05:30,25029.1,25030.8,24919.8,24993.6,3560570,14.11,126880.0,25241.812745443956,-0.009833396196505705,8.170475875013764,139.50295120430926,25520.818647852575,24962.806843035338,0.022106645447560257,3361644.0,0.05917521308026668,-0.0014143593431620305,-1,25077.2,24919.8,0
2026-01-21 11:00:00+05:30,24991.8,25070.1,24975.0,25054.75,3749980,13.87,189410.0,25223.99724587787,-0.006709771025903794,19.199921752738774,142.7609769951373,25509.519199868144,24938.475291887593,0.022638914142518455,3470662.0,0.08047974709147707,0.0024466263363420726,1,25080.25,24975.0,0
2026-01-21 11:15:00+05:30,25055.4,25077.2,25026.6,25029.15,3809910,13.99,59930.0,25205.44036531807,-0.0069941394700105885,18.592536465239846,146.70957176456616,25498.859508847203,24912.02122178894,0.02328220727560612,3577691.0,0.06490750598640296,-0.0010217623404743525,-1,25136.15,25024.45,1
2026-01-21 11:30:00+05:30,25028.0,25071.2,25024.45,25040.05,3848000,13.99,38090.0,25189.688901954443,-0.005940482335327043,15.75181336992722,145.68657008770836,25481.06204212986,24898.315761779028,0.023134318276777796,3680430.0,0.04553000600473314,0.0004354922160758612,1,25187.9,25024.45,1
2026-01-21 11:45:00+05:30,25041.0,25080.25,25040.9,25069.85,3863600,13.83,15600.0,25178.275673196877,-0.0043063184550124235,22.27052163364297,141.5421310487266,25461.35993529433,24895.191411099422,0.02248638991579612,3766412.0,0.025803868509339925,0.001190093470260667,1,25245.85,25040.9,1
2026-01-21 12:00:00+05:30,25069.1,25136.15,25063.85,25136.15,3938870,13.6,75270.0,25174.263704320983,-0.0015139947991583158,33.39010313180063,132.7227524568004,25439.709209234585,24908.818199407382,0.0210886410050626,3842072.0,0.025194218119806187,0.002644610956986204,1,25294.4,25063.85,0
2026-01-21 12:15:00+05:30,25135.15,25187.9,25118.5,25133.2,3979885,13.69,41015.0,25170.35287533803,-0.0014760569914151786,40.40068689181471,125.77999736370607,25421.912870065444,24918.792880610617,0.01998859499295238,3888053.0,0.023619019596697884,-0.0001173608527956782,-1,25300.95,25118.5,1
2026-01-21 12:30:00+05:30,25133.9,25245.85,25132.0,25226.7,3995420,13.56,15535.0,25175.71926816298,0.0020249960405894748,50.12932273206266,117.99194918442508,25411.703166531828,24939.73536979413,0.01874694389901885,3925155.0,0.017901203901501978,0.0037201788868905794,1,25300.95,25132.0,0
2026-01-21 12:45:00+05:30,25225.9,25294.4,25225.1,25279.4,4020380,13.56,24960.0,25185.593623576027,0.0037246045428193826,57.232589895311804,112.27709507695134,25410.14781372993,24961.039433422124,0.017831955324150096,3959631.0,0.015342086169140508,0.0020890564362361363,1,25300.95,25173.35,0
2026-01-21 13:00:00+05:30,25279.1,25300.95,25221.5,25237.45,4053595,13.64,33215.0,25190.532326092594,0.0018625122049845946,53.21652276959538,100.79675629165133,25392.125838675896,24988.938813509292,0.01600549841294855,3997630.0,0.013999544730252675,-0.0016594539427360333,-1,25300.95,25148.45,0
2026-01-21 13:15:00+05:30,25237.6,25242.4,25196.05,25210.4,4075305,13.74,21710.0,25192.424485512347,0.0007135285648267712,54.48006932409016,91.7401528845834,25375.904791281515,25008.94417974318,0.014566307889475561,4024917.0,0.012519015920079842,-0.001071819855017031,-1,25242.4,25132.85,0
2026-01-21 13:30:00+05:30,25210.75,25238.25,25173.35,25195.7,4157790,13.77,82485.0,25192.736439273074,0.00011763552300363084,53.62046908315569,84.35377799371442,25361.443995260503,25024.028883285646,0.013393349022969125,4060498.0,0.02396060778751769,-0.0005830926919049295,-1,25238.25,25120.0,0
2026-01-21 13:45:00+05:30,25195.15,25208.9,25148.45,25153.25,4190290,13.85,32500.0,25188.975826008973,-0.0014183119732912725,54.97070910203707,82.64597432627367,25354.26777466152,25023.683877356427,0.01312415000866159,4099472.0,0.022153584656755796,-0.0016848112971658002,-1,25208.9,25119.85,0
2026-01-21 14:00:00+05:30,25151.1,25160.3,25132.85,25136.7,4247945,13.79,57655.0,25183.997175912882,-0.0018780646925309586,60.3358925143954,80.23089196990364,25344.45895985269,25023.535391973073,0.01274315453730131,4144985.0,0.02483965563204692,-0.0006579666643474757,-1,25202.05,25119.85,1
2026-01-21 14:15:00+05:30,25137.45,25202.05,25120.0,25120.85,4320875,13.97,72930.0,25177.983159159274,-0.0022691713946313957,62.68820420779728,78.88486780360041,25335.752894766476,25020.21342355207,0.012532356909596908,4198441.0,0.029161776954826805,-0.000630552140893692,-1,25202.05,25119.85,1
2026-01-21 14:30:00+05:30,25120.25,25166.4,25119.85,25150.1,4363125,13.89,42250.0,25175.327620191725,-0.0010020771356910937,60.153338302629955,77.4457539777419,25330.219128147208,25020.436112236242,0.012305024211979099,4256005.0,0.02516914336331842,0.0011643714285145546,1,25182.5,25119.85,0
2026-01-21 14:45:00+05:30,25149.0,25164.05,25137.65,25143.15,4397965,13.83,34840.0,25172.26308493537,-0.001156554134093394,62.64138389886889,77.22265296886226,25326.708390873093,25017.817778997647,0.012271070377470546,4304040.0,0.021822520236800775,-0.0002763408495392028,-1,25395.75,25135.35,1
2026-01-21 15:00:00+05:30,25143.75,25182.5,25135.35,25155.0,4460885,13.8,62920.0,25170.618981608193,-0.0006205243351228607,62.719929180037646,77.25201968895713,25325.123020986106,25016.11494223028,0.012276538728809695,4358159.0,0.023570961958937247,0.0004713013285924106,1,25425.7,25135.35,1
2026-01-21 15:15:00+05:30,25155.2,25171.7,25140.55,25168.1,4566380,13.66,105495.0,25170.37907859789,-9.054605775994656e-05,61.28921061702857,77.29670360454169,25324.97248580697,25015.785671388807,0.012283756770316692,4421846.0,0.03268634864262573,0.0005207712184456259,1,25435.75,25140.55,1
2026-01-22 09:15:00+05:30,25344.15,25395.75,25302.45,25386.65,4572685,13.28,6305.0,25190.976309207614,0.007767610448701293,71.3227783452502,91.92567735875383,25374.82766392512,25007.124954490107,0.014596604153869673,4472208.0,0.022466978280079996,0.008683611396966828,1,25435.75,25302.45,0
2026-01-22 09:30:00+05:30,25385.2,25425.7,25385.2,25395.95,4613570,13.64,40885.0,25210.497613092604,0.007356157333883214,72.1263157894737,99.38751705332056,25409.272647199246,25011.722578985962,0.015769227339916685,4522297.0,0.02018288493657095,0.00036633427411647546,1,25435.75,25290.2,0
2026-01-22 09:45:00+05:30,25395.05,25435.75,25379.2,25394.55,4672395,13.51,58825.0,25228.02641184569,0.006600737823713322,66.72979168743129,107.18414586575726,25442.394703577203,25013.658120114178,0.01699445594609471,4577183.0,0.020801440536679438,-5.512690015541111e-05,-1,25435.75,25245.25,0
2026-01-22 10:00:00+05:30,25395.3,25411.65,25363.3,25376.0,4702815,13.43,30420.0,25242.119134527053,0.005303867902668299,60.33155080213888,108.16515223429036,25458.449438995634,25025.78883005847,0.017140423378533033,4625569.0,0.016699783313144825,-0.0007304716956985091,-1,25411.65,25221.7,0
2026-01-22 10:15:00+05:30,25376.5,25388.55,25290.2,25291.9,4749940,13.49,47125.0,25246.860169334,0.0017839775070608633,55.34190130481712,102.40124571982948,25451.662660773658,25042.05767789434,0.016223996969605095,4662281.0,0.01880174103620095,-0.0033141551071877995,-1,25388.55,25201.9,0
2026-01-22 10:30:00+05:30,25292.9,25332.5,25245.25,25295.35,4815915,13.56,65975.0,25251.478248445044,0.0017373933962719912,58.73881287933318,97.52265522876195,25446.52355890257,25056.43293798752,0.015448229092848069,4710927.0,0.022286059622660254,0.00013640730826858238,1,25332.5,25201.9,0
2026-01-22 10:45:00+05:30,25294.85,25298.45,25221.7,25221.7,4885335,13.81,69420.0,25248.64222478361,-0.0010670761834932357,52.38532110091746,95.06587452905157,25438.77397384171,25058.510475725507,0.015060750385339328,4765280.0,0.025193692710606723,-0.0029116023300724825,-1,25298.45,25197.8,1
2026-01-22 11:00:00+05:30,25221.95,25248.95,25201.9,25215.75,4960735,13.96,75400.0,25245.509631947076,-0.0011788089201184646,56.145526057030565,92.2267803824375,25429.96319271195,25061.0560711822,0.01461278171476943,4822948.0,0.028569041175646098,-0.00023590796813854897,-1,25280.55,25177.85,0
2026-01-22 11:15:00+05:30,25215.95,25280.55,25211.25,25247.25,4988620,13.93,27885.0,25245.67538128545,6.237181975792837e-05,60.55974782691763,92.21187073927472,25430.099122764,25061.251639806902,0.014610323446942691,4880109.0,0.022235364005189228,0.0012492192379762734,1,25280.55,25177.85,0
2026-01-22 11:30:00+05:30,25246.85,25259.15,25197.8,25206.85,5018520,14.1,29900.0,25241.97772592493,-0.001391639209349852,57.846715328467255,91.95565761321429,25425.88904115136,25058.066410698502,0.01457186257141347,4933825.0,0.017166194585336934,-0.001600174276406352,-1,25277.5,25177.85,1
2026-01-22 11:45:00+05:30,25205.9,25226.4,25177.85,25188.2,5166460,14.31,147940.0,25236.856037741607,-0.0019279754050520945,53.54484555266123,92.54786158622944,25421.951760914068,25051.760314569146,0.014668683206469992,5003934.0,0.03247964501530196,-0.0007398782473810872,-1,25277.5,25177.85,1
2026-01-22 12:00:00+05:30,25188.8,25241.5,25183.3,25237.1,5239260,14.05,72800.0,25236.879272242408,8.746238202025569e-06,58.10822473461626,92.40216860621449,25421.683609454838,25052.074935029977,0.014645577626207789,5074719.0,0.03242366720206577,0.0019413852518241903,1,25277.5,25183.3,0
2026-01-22 12:15:00+05:30,25237.15,25277.5,25216.05,25255.25,5300620,14.01,61360.0,25238.628865362178,0.0006585593348390376,58.5588662170239,92.06171310436442,25422.752291570905,25054.50543915345,0.014590604520629939,5142696.0,0.03070840664118587,0.0007191793034857508,1,25277.5,25190.45,0
2026-01-22 12:30:00+05:30,25254.6,25271.3,25210.45,25244.95,5364645,13.95,64025.0,25239.230878184826,0.00022659651725433414,56.592605301535805,89.93088760835278,25419.09265340153,25059.36910296812,0.014252555958205976,5217901.0,0.028123185932427616,-0.0004078359944961196,-1,25271.3,25171.25,0
2026-01-22 12:45:00+05:30,25244.75,25262.5,25205.9,25209.9,5474690,13.94,110045.0,25236.437461214842,-0.001051553384094938,27.870289219981984,86.87603157267105,25410.189524360183,25062.6853980695,0.013769935904176283,5309135.0,0.03118304582573244,-0.001388396491179389,-1,25262.5,25169.4,0
2026-01-22 13:00:00+05:30,25208.65,25222.05,25190.45,25191.95,5662605,13.95,187915.0,25232.20056014676,-0.0015952060959096147,24.99999999999956,82.8814693829625,25397.963498912686,25066.437621380835,0.013138999776954945,5408364.0,0.0470088551732095,-0.0007120218644263154,-1,25241.1,25169.4,0
2026-01-22 13:15:00+05:30,25192.05,25208.3,25171.25,25179.05,5906745,14.05,244140.0,25227.138602037547,-0.0019062249903230549,24.31466030989229,81.30511151132158,25389.74882506019,25064.528379014904,0.012891689825615716,5541861.0,0.06584142041815917,-0.0005120683392909609,-1,25245.0,25169.4,1
2026-01-22 13:30:00+05:30,25177.85,25227.55,25169.4,25204.55,6045975,14.0,139230.0,25224.9873066054,-0.000810200867773987,29.89799507562394,78.14693986651118,25381.28118633842,25068.693426872378,0.012391988771553808,5690932.0,0.06238749645927943,0.0010127467080767172,1,25245.0,25168.5,0
2026-01-22 13:45:00+05:30,25204.05,25241.1,25187.05,25229.15,6142110,13.89,96135.0,25225.38375359536,0.00014930382988143423,41.44978879956391,74.93062102424577,25375.244995643854,25075.522511546867,0.01188178094829845,5846425.0,0.050575351603757854,0.000976014251395263,1,25295.9,25168.5,0
2026-01-22 14:00:00+05:30,25228.35,25245.0,25176.95,25178.35,6384560,13.94,242450.0,25220.904348491043,-0.0016872649728593477,35.87979724837085,74.32310931951959,25369.55056713008,25072.258129852005,0.01178754073090417,6028399.0,0.059080528677680426,-0.0020135438570068054,-1,25318.2,25168.5,1
2026-01-22 14:15:00+05:30,25178.8,25236.7,25168.5,25234.85,7019545,13.68,634985.0,25222.23250577761,0.0005002528709343091,51.65554576356511,67.91704576346697,25358.066597304543,25086.398414250678,0.010770980839687168,6299787.0,0.11425116436476344,0.0022439913655978305,1,25318.2,25168.5,0
2026-01-22 14:30:00+05:30,25234.2,25295.9,25233.35,25284.45,7208370,13.41,188825.0,25228.157981417837,0.0022313170316923935,57.79264972776766,59.33400307602894,25346.825987569893,25109.48997526578,0.009407583878257231,6560112.0,0.09881812993436698,0.0019655357570980136,1,25332.35,25233.35,0
2026-01-22 14:45:00+05:30,25284.1,25318.2,25278.5,25297.0,7363980,13.45,155610.0,25234.71436413995,0.002468252065835259,55.896645727154116,49.538455224462865,25333.791274588875,25135.637453691023,0.007852429714022887,6823713.0,0.0791749301296816,0.0004963525012409153,1,25347.95,25238.8,0
2026-01-22 15:00:00+05:30,25295.5,25302.0,25238.8,25288.55,7690085,13.37,326105.0,25239.84156755519,0.0019298232246996584,60.477045396255406,39.74554228529698,25319.332652125784,25160.3504829846,0.006298857649944623,7133308.0,0.07805312766531321,-0.0003340317033641016,-1,25347.95,25238.8,0
2026-01-22 15:15:00+05:30,25288.45,25332.35,25287.6,25320.45,7850180,13.26,160095.0,25247.518561121364,0.0028886576992538213,66.40208359171488,42.321946760575706,25332.162454642516,25162.874667600212,0.0067051257584969035,7426432.0,0.05705943311673762,0.0012614404542767854,1,25347.95,25249.1,0
2026-01-23 09:15:00+05:30,25344.6,25347.95,25249.1,25344.6,7961590,13.62,111410.0,25256.76441244314,0.003477705462287401,64.20454545454513,47.08872057336699,25350.941853589873,25162.586971296405,0.0074576014258054425,7614841.0,0.045535947500413995,0.0009537745182253143,1,25347.95,25249.1,0
2026-01-23 09:30:00+05:30,25344.2,25345.35,25283.95,25285.7,8033155,13.67,71565.0,25259.52018268665,0.001036433674274397,53.632351186925966,48.01701699425105,25355.55421667515,25163.48614869815,0.007603789248089053,7779798.0,0.03256601263940272,-0.0023239664465013465,-1,25345.35,25251.55,0
2026-01-23 09:45:00+05:30,25287.6,25312.55,25267.7,25290.95,8147555,13.63,114400.0,25262.513498621258,0.0011256402250035334,55.55421395798109,48.77553555210556,25360.06456972547,25164.962427517046,0.0077229901220664835,7936513.0,0.026591275034766527,0.00020762723594769383,1,25320.8,25251.55,0
2026-01-23 10:00:00+05:30,25292.3,25308.65,25263.5,25281.7,8263580,13.6,116025.0,25264.34078446685,0.000687103442802779,59.245428792170756,49.42761447148881,25363.19601340983,25165.485555523872,0.007825672538723644,8051212.0,0.02637714669542921,-0.00036574347740991886,-1,25320.8,25251.55,0
2026-01-23 10:15:00+05:30,25280.55,25295.9,25251.55,25291.45,8476000,13.49,212420.0,25266.92261451763,0.000970731016854385,63.08866087871593,49.36970164750118,25365.662017812632,25168.183211222626,0.007815704729967435,8176376.0,0.03664508579351047,0.0003856544457057076,1,25320.8,25251.55,0
2026-01-23 10:30:00+05:30,25291.7,25320.8,25286.45,25293.35,8569470,13.45,93470.0,25269.439508373092,0.0009462216848530949,65.48360877810872,47.80221889779664,25365.043946168687,25173.835070577497,0.007566803194342022,8297952.0,0.03272108587757558,7.512420205246784e-05,1,25320.8,25254.8,0
2026-01-23 10:45:00+05:30,25293.25,25300.4,25269.7,25277.55,8646235,13.56,76765.0,25270.211936147083,0.0002903839457879481,60.1558152476349,47.76429208789939,25365.74052032288,25174.683351971285,0.00756056849995401,8420568.0,0.026799498561142193,-0.000624670120802473,-1,25300.4,25209.6,0
2026-01-23 11:00:00+05:30,25277.65,25293.6,25261.05,25284.9,8753160,13.45,106925.0,25271.61079937117,0.0005258549102521728,58.14701154464412,48.09464189409636,25367.800083159364,25175.421515582977,0.007612437889442864,8541689.0,0.024757515755958803,0.00029077185091130886,1,25293.6,25190.95,0
2026-01-23 11:15:00+05:30,25285.3,25289.9,25254.8,25275.3,8865740,13.41,112580.0,25271.96215181201,0.00013207712831861786,66.10732679847158,48.05132090550184,25368.064793623016,25175.859510001006,0.007605475287886534,8662121.0,0.023506829331984627,-0.00037967324371468436,-1,25289.9,25183.65,0
2026-01-23 11:30:00+05:30,25275.85,25279.35,25209.6,25211.6,8995545,13.62,129805.0,25266.213375448962,-0.0021615180176555973,46.227486613662194,47.95536706394007,25362.124109576842,25170.302641321083,0.007592014893777116,8766030.0,0.026182319704586912,-0.0025202470395999654,-1,25279.35,25183.65,1
2026-01-23 11:45:00+05:30,25211.45,25224.65,25190.95,25215.2,9123790,13.74,128245.0,25261.35495873954,-0.0018270975098099568,36.791913026893084,46.41810303586074,25354.191164811262,25168.518752667816,0.007350057526475209,8876894.0,0.027813332005541577,0.00014279141347639523,1,25236.6,25183.65,0
2026-01-23 12:00:00+05:30,25214.75,25223.3,25183.65,25185.2,9274525,13.79,150735.0,25254.10210552625,-0.002728353011258779,30.007153075822885,45.84651819099531,25345.795141908242,25162.409069144258,0.007261635040425942,9002552.0,0.030210655822926653,-0.001189758558329923,-1,25243.8,25183.65,0
2026-01-23 12:15:00+05:30,25185.95,25222.95,25185.95,25205.65,9407775,13.66,133250.0,25249.487619285654,-0.0017361785691115902,35.785322359396915,45.77237006990353,25341.032359425462,25157.942879145845,0.007251215669809196,9133475.0,0.03003238088460307,0.000811984816479594,1,25243.8,25180.25,0
2026-01-23 12:30:00+05:30,25205.3,25236.6,25199.45,25223.05,9606675,13.53,198900.0,25246.96975078226,-0.000947430563682591,32.42511728617792,46.03496175648965,25339.03967429524,25154.89982726928,0.007293542506036936,9281662.0,0.035016681279710464,0.0006903214160316473,1,25243.8,25120.8,0
2026-01-23 12:45:00+05:30,25223.3,25243.8,25200.9,25202.95,9738170,13.65,131495.0,25242.777393564902,-0.0015777738298739827,24.061527192822155,43.92039891398502,25330.61819139287,25154.936595736934,0.006959677729468981,9430187.0,0.03265926752035776,-0.0007968901461162803,-1,25243.8,25047.75,0
2026-01-23 13:00:00+05:30,25203.95,25213.3,25180.25,25196.4,9896380,13.69,158210.0,25238.360498939674,-0.0016625683328928983,29.76891708201201,46.084992990358685,25330.53048492039,25146.190512958958,0.007303959857819462,9584705.0,0.03251795438670257,-0.00025989021126493483,-1,25213.3,25043.85,0
2026-01-23 13:15:00+05:30,25196.65,25197.35,25120.8,25124.6,10155275,13.91,258895.0,25227.526165707324,-0.004079915130451313,21.044386422976473,55.11023468539321,25337.74663507811,25117.305696336538,0.008738111588651362,9760855.0,0.04040834537548196,-0.0028496134368403148,-1,25197.35,25043.85,0
2026-01-23 13:30:00+05:30,25125.6,25125.8,25047.75,25049.55,10376600,14.21,221325.0,25210.57605468758,-0.006387242177182978,17.1222206486334,70.70862394343104,25351.99330257444,25069.15880680072,0.011218882708597666,9954620.0,0.042390367487658995,-0.002987112232632483,-1,25125.8,25041.0,1
2026-01-23 13:45:00+05:30,25049.25,25070.5,25043.85,25049.95,10574265,14.27,197665.0,25195.278335193525,-0.005768078179574037,14.867617107943417,81.78014959875193,25358.838634391028,25031.718035996022,0.01298340879759498,10148138.0,0.04199065877897995,1.5968350728812197e-05,1,25107.8,25041.0,0
2026-01-23 14:00:00+05:30,25049.8,25078.05,25046.8,25063.4,10695555,14.15,121290.0,25182.718493746524,-0.004738110135970931,17.63546798029664,86.93679112601622,25356.592075998557,25008.844911494492,0.013808960481785083,10339615.0,0.03442487945634339,0.0005369272194155617,1,25107.8,25041.0,0
2026-01-23 14:15:00+05:30,25064.05,25095.15,25041.0,25069.35,10942750,14.13,247195.0,25171.921494342092,-0.004074837686314434,19.861030689056506,87.56709998608162,25347.055694314255,24996.78729436993,0.013915044190132854,10548889.0,0.037336728066813485,0.00023739795877641967,1,25107.8,25028.25,0
2026-01-23 14:30:00+05:30,25069.95,25107.8,25063.7,25083.65,11170965,14.08,228215.0,25163.51468535713,-0.0031738287101683725,21.441748261672103,89.27058641375822,25342.05585818465,24984.973512529614,0.014190479752926744,10752027.0,0.0389636298346349,0.0005704176614074186,1,25107.8,25025.3,0
2026-01-23 14:45:00+05:30,25089.15,25106.15,25057.3,25090.65,11391640,14.04,220675.0,25156.575191513595,-0.0026205948548923773,23.602573266619586,89.03172183774028,25334.638635189076,24978.511747838114,0.014156413766175083,10955035.0,0.0398542770516023,0.00027906624434637095,1,25126.3,24932.55,0
2026-01-23 15:00:00+05:30,25093.9,25096.0,25028.25,25045.85,11598015,14.17,206375.0,25146.029935178965,-0.003983926505981623,24.950884086444447,90.9765331221118,25327.98300142319,24964.076868934742,0.014471713166114787,11159785.0,0.03926867766717728,-0.0017855256838703593,-1,25147.6,24932.55,0
2026-01-23 15:15:00+05:30,25046.5,25074.5,25025.3,25064.75,11841570,14.36,243555.0,25138.288988971442,-0.0029253776581097124,28.26809186768763,89.41723885937263,25317.123466690187,24959.454511252698,0.014228054884499287,11388988.0,0.03973856149466485,0.0007546160341933561,1,25161.85,24932.55,0
2026-01-27 09:15:00+05:30,25063.35,25126.3,24932.55,24958.55,12236705,15.8,395135.0,25121.170990021783,-0.006473463760362814,23.167988635018546,94.46264354910987,25310.096277120003,24932.245702923563,0.015041121066630355,11647779.0,0.05056122716614043,-0.0042370261023948474,-1,25161.85,24932.55,1
2026-01-27 09:30:00+05:30,24958.4,25147.6,24940.2,25147.6,12457835,15.32,221130.0,25123.688038591135,0.0009517695559717693,45.08841695574901,89.10341312336668,25301.89486483787,24945.481212344403,0.01418635878402876,11905153.0,0.04642376288654165,0.007574558618189009,1,25184.95,24940.2,0
2026-01-27 09:45:00+05:30,25148.8,25161.85,25100.95,25108.9,12561705,15.42,103870.0,25122.279653963407,-0.0005325812047194147,40.677827684769525,82.19322112348485,25286.666096210378,24957.893211716437,0.013086904891693313,12139166.0,0.03480791019745508,-0.00153891425026631,-1,25184.95,25019.7,0
2026-01-27 10:00:00+05:30,25111.0,25152.35,25083.35,25128.45,12768340,15.33,206635.0,25122.867305966894,0.00022221563984379676,43.910413601438655,74.60840770295015,25272.084121372794,24973.650490560995,0.011878963781372178,12373231.0,0.0319325647440026,0.0007786083818883682,1,25184.95,24979.05,0
2026-01-27 10:15:00+05:30,25129.35,25184.95,25117.3,25117.7,12942280,15.18,173940.0,25122.375181589097,-0.00018609632072220667,43.610975807760994,71.5149274073236,25265.405036403743,24979.34532677445,0.01138665064754426,12593373.0,0.027705603574197317,-0.0004278019535626232,-1,25184.95,24979.05,0
2026-01-27 10:30:00+05:30,25117.7,25133.4,25019.7,25030.0,13079885,15.45,137605.0,25113.577545247277,-0.0033279824468136813,42.51345362456488,70.046919613482,25253.67138447424,24973.483706020314,0.011156820566449024,12762009.0,0.024907990583614224,-0.0034915617273875155,-1,25133.4,24979.05,0
2026-01-27 10:45:00+05:30,25028.85,25044.75,24979.05,24983.25,13318825,15.45,238940.0,25101.16539808087,-0.004697606513914487,44.50704225352122,72.73227379426973,25246.62994566941,24955.70085049233,0.011590262466432136,12934207.0,0.02973649640832252,-0.0018677586895725629,-1,25157.85,24979.05,1
2026-01-27 11:00:00+05:30,24983.85,25039.8,24980.0,25029.4,13460590,15.37,141765.0,25094.330598263645,-0.0025874608613045084,48.417404697728216,69.50817066677966,25233.346939597202,24955.314256930087,0.011079501865108657,13113984.0,0.02643025948483695,0.0018472376492251197,1,25162.05,24980.0,0
2026-01-27 11:15:00+05:30,25029.05,25066.65,25022.1,25057.7,13608595,15.32,148005.0,25090.841969857585,-0.0013208791437688346,49.570847763890924,62.08702143146621,25215.016012720516,24966.667926994654,0.009897957431010495,13282035.0,0.02458659384650018,0.001130670331690009,1,25162.05,25022.1,1
2026-01-27 11:30:00+05:30,25057.75,25157.85,25052.55,25154.65,13715910,15.02,107315.0,25096.918925109247,0.0023003251938227124,55.648258508806926,57.853372450665866,25212.625670010577,24981.212180207916,0.009220792818959675,13436761.0,0.020775021599327398,0.0038690701860106813,1,25162.05,25052.55,0
2026-01-27 11:45:00+05:30,25154.15,25162.05,25083.6,25103.65,13853125,15.11,137215.0,25097.559979860747,0.00024265387329051353,51.26294518817882,51.170546626679226,25199.901073114106,24995.21888660739,0.008155461593515967,13591409.0,0.019255987366725555,-0.00202745814392169,-1,25162.05,25070.55,0
2026-01-27 12:00:00+05:30,25104.0,25137.65,25092.65,25120.35,13954525,15.05,101400.0,25099.73045796925,0.0008215045203484162,51.85277604491561,50.95370002286887,25201.637858014987,24997.823057923513,0.008120198758021386,13718549.0,0.01720123607824705,0.0006652419070531934,1,25138.2,25056.5,0
2026-01-27 12:15:00+05:30,25121.55,25138.2,25091.2,25102.1,14051895,15.08,97370.0,25099.956128638845,8.541335093040852e-05,53.62926640428416,51.04284552133963,25202.041819681526,24997.870437596164,0.008134332229067289,13836810.0,0.01554440655035373,-0.0007265026164046118,-1,25138.2,25056.5,0
2026-01-27 12:30:00+05:30,25102.25,25109.25,25070.55,25079.55,14177410,15.22,125515.0,25098.0126878161,-0.0007356234952045646,50.95042383765729,50.69109622813595,25199.39488027237,24996.630495359826,0.008078902000514875,13950573.0,0.016260048959996123,-0.0008983312153165723,-1,25123.7,25056.5,0
2026-01-27 12:45:00+05:30,25081.2,25100.4,25056.5,25088.95,14272115,15.22,94705.0,25097.149574690757,-0.0003267133849743976,59.562921677911575,50.652914590841036,25198.45540387244,24995.843745509075,0.00807309442693392,14061814.0,0.014955467338708932,0.00037480736297101913,1,25132.25,25018.0,0
2026-01-27 13:00:00+05:30,25088.95,25094.4,25065.15,25088.95,14355120,15.25,83005.0,25096.368662815446,-0.000295607022478823,44.04870624048724,50.66121290878439,25197.691088633015,24995.046236997878,0.008074668266066332,14162213.0,0.013621246905409487,0.0,0,25132.25,25018.0,0
2026-01-27 13:15:00+05:30,25089.1,25123.7,25081.2,25120.9,14460680,15.16,105560.0,25098.704980642546,0.0008843093448277004,51.23456790123458,51.50978420056979,25201.724549043684,24995.685412241408,0.008209154096244564,14263444.0,0.013828076865587301,0.0012734689973075142,1,25132.25,24998.25,0
2026-01-27 13:30:00+05:30,25122.7,25132.25,25018.0,25045.25,14653145,15.26,192465.0,25093.61403010516,-0.0019273441460898,42.32613908872898,52.063932105478756,25197.741894316117,24989.486165894203,0.008299152452574881,14383694.0,0.018733087619911826,-0.003011436692156755,-1,25132.25,24998.25,0
2026-01-27 13:45:00+05:30,25046.15,25065.9,25036.95,25049.35,14797055,15.26,143910.0,25089.398408190384,-0.001596228316790225,43.617517975534405,51.9530253409114,25193.304458872208,24985.49235750856,0.008282865056493678,14507623.0,0.01995033921132359,0.0001637036963095806,1,25108.65,24998.25,0
2026-01-27 14:00:00+05:30,25050.85,25059.4,24998.25,25034.55,14945645,15.19,148590.0,25084.17475026749,-0.001978328996729827,50.49183872013828,52.82062894431797,25189.81600815613,24978.533492378854,0.00842294067398099,14642329.0,0.020715010569698305,-0.0005908336942874737,-1,25155.3,24998.25,1
2026-01-27 14:15:00+05:30,25034.9,25039.5,25007.85,25032.65,15133040,15.12,187395.0,25079.267631194398,-0.0018588115043842778,55.91333492937536,46.22582981487145,25171.71929082414,24986.815971564654,0.0073727559344475575,14797913.0,0.022646909736528387,-7.589511295380547e-05,-1,25175.35,25007.85,1
2026-01-27 14:30:00+05:30,25032.7,25108.65,25024.45,25087.6,15393430,14.93,260390.0,25080.061190128265,0.0003005897718742934,56.82297772567386,43.559469028826825,25167.18012818592,24992.94225207061,0.006947266786728981,14984463.0,0.02729273648311588,0.0021951331560980947,1,25246.65,25024.45,0
2026-01-27 14:45:00+05:30,25088.9,25155.3,25088.3,25139.45,15474615,14.72,81185.0,25085.717267258908,0.0021419651735939535,59.082324186201625,45.197713248159666,25176.112693755225,24995.32184076259,0.007206923807141759,15148757.0,0.02151054373636068,0.002066758079688924,1,25372.1,25088.3,0
2026-01-27 15:00:00+05:30,25141.2,25175.35,25100.75,25170.4,15885740,14.43,411125.0,25093.782289424726,0.0030532547740945715,52.05051425595628,48.435460041605104,25190.653209507935,24996.911369341517,0.00772071096863173,15366494.0,0.03379079183579547,0.0012311327415674977,1,25372.1,25100.75,0
2026-01-27 15:15:00+05:30,25169.25,25246.65,25168.05,25234.1,16363880,14.22,478140.0,25107.145880908087,0.005056493465808467,66.43982356647757,58.84782247878685,25224.84152586566,24989.450235950513,0.009375469877448039,15650141.0,0.04560591498824196,0.0025307504052378693,1,25372.1,25168.05,0
2026-01-28 09:15:00+05:30,25258.85,25372.1,25225.7,25352.75,16217890,14.31,-145990.0,25130.53674939303,0.008842359907507164,73.3005815119313,81.93412706315262,25294.405003519336,24966.668495266727,0.013041365233097306,15867111.0,0.022107301070749426,0.004701970745935036,0,25372.1,25225.7,0
2026-01-28 09:30:00+05:30,25352.1,25363.9,25286.5,25293.0,16608475,14.23,390585.0,25146.009439927027,0.005845482577429556,67.66938171047784,87.06677579500924,25320.142991517045,24971.87588833701,0.013849796088402536,16110120.0,0.0309342823020561,-0.0023567463095719443,-1,25363.9,25232.7,0
2026-01-28 09:45:00+05:30,25292.95,25304.65,25272.7,25303.7,16770585,14.12,162110.0,25161.027588505407,0.005670373000177954,71.21226459733151,93.53028555371885,25348.088159612846,24973.96701739797,0.014869072453375915,16369314.0,0.024513611260679587,0.0004230419483652881,1,25316.4,25232.7,0
2026-01-28 10:00:00+05:30,25304.7,25316.4,25232.7,25248.1,16733665,14.28,-36920.0,25169.32019912394,0.0031299931922198023,63.849969541380034,95.14069913317948,25359.601597390298,24979.038800857583,0.015120106285030336,16538899.0,0.011776237342038306,-0.0021973071131891064,0,25316.4,25232.7,1
2026-01-28 10:15:00+05:30,25248.3,25281.6,25235.6,25246.5,16753425,14.17,19760.0,25176.670656350234,0.002773573384777675,63.67265469061875,97.93388112568555,25372.538418601605,24980.802894098862,0.01555946494473989,16616808.0,0.008221615126081976,-6.337110515242106e-05,-1,25330.6,25234.05,1
2026-01-28 10:30:00+05:30,25246.85,25302.2,25234.05,25281.7,16726775,14.07,-26650.0,25186.673450983544,0.0037728900246152097,63.87642388677941,101.79357194560802,25390.26059487476,24983.08630709233,0.016166259056593628,16718585.0,0.0004898739935227772,0.0013942526686867573,0,25351.05,25234.05,0
2026-01-28 10:45:00+05:30,25282.2,25307.35,25267.35,25298.75,16746210,14.05,19435.0,25197.347408032732,0.0040243359876421456,74.33755760368683,106.22562643024884,25409.79866089323,24984.896155172235,0.016862985569089658,16746132.0,4.657792020270711e-06,0.000674400851208512,1,25351.05,25267.35,0
2026-01-28 11:00:00+05:30,25299.85,25330.6,25288.85,25325.6,16705195,13.89,-41015.0,25209.561940601045,0.0046029383482491144,75.41164566277271,110.92200270543051,25431.405946011906,24987.717935190183,0.01759998891956726,16733054.0,-0.0016649082707795003,0.001061317258757688,0,25351.05,25288.85,0
2026-01-28 11:15:00+05:30,25325.35,25351.05,25313.3,25336.95,16676985,13.79,-28210.0,25221.694136734277,0.00456971140165635,77.99481577485672,114.02062440386567,25449.735385542008,24993.652887926546,0.01808294459297236,16721718.0,-0.0026751437860631304,0.0004481631234798389,0,25351.05,25290.65,0
2026-01-28 11:30:00+05:30,25337.4,25343.95,25292.3,25292.5,16670160,13.78,-6825.0,25228.437552283394,0.002539295094428369,72.29897880374135,113.70790241818172,25455.85335711976,25001.02174744703,0.01802852866849704,16705065.0,-0.002089486033128276,-0.001754354805925784,0,25343.95,25269.0,0
2026-01-28 11:45:00+05:30,25292.8,25322.45,25290.65,25321.8,16652350,13.68,-17810.0,25237.32921397069,0.003347057262404317,71.02333931777372,113.75275635747182,25464.834726685633,25009.823701255747,0.01802928596651993,16690180.0,-0.0022666022775068933,0.0011584461796974033,0,25339.5,25258.95,0
2026-01-28 12:00:00+05:30,25320.85,25339.5,25306.95,25313.8,16646305,13.7,-6045.0,25244.61214597348,0.0027406978418385458,66.98821007502661,113.9086169975359,25472.42937996855,25016.794911978406,0.01804878068062609,16670199.0,-0.001433336218721804,-0.0003159333064790548,0,25339.5,25257.05,0
2026-01-28 12:15:00+05:30,25313.8,25318.05,25269.0,25271.8,16636620,13.75,-9685.0,25247.201465404574,0.0009743073753790727,59.671880961464865,106.60185452483485,25460.405174454245,25033.997756354904,0.016889294391048984,16656484.0,-0.001192568611719016,-0.0016591740473576033,0,25318.05,25252.05,0
2026-01-28 12:30:00+05:30,25272.0,25286.2,25258.95,25275.35,16646825,13.72,10205.0,25249.882278223187,0.0010086273470976109,54.44456416334444,97.86979061206999,25445.62185944733,25054.142696999046,0.015504197529899547,16650452.0,-0.00021783192432253492,0.00014047277993656238,1,25291.3,25213.55,0
2026-01-28 12:45:00+05:30,25275.6,25281.05,25257.05,25258.1,16651700,13.72,4875.0,25250.664918392406,0.00029445092363398947,36.950227492072095,84.68077113475817,25420.02646066192,25081.30337612289,0.013414422377935324,16646760.0,0.00029675444350732514,-0.0006824831307974399,-1,25291.3,25207.0,0
2026-01-28 13:00:00+05:30,25258.1,25279.7,25252.05,25276.25,16656250,13.65,4550.0,25253.101592831223,0.0009166560029738542,47.391372060426754,66.75405093151629,25386.609694694256,25119.59349096819,0.010573600345466746,16647540.0,0.0005232004248075091,0.0007185813659777995,1,25291.3,25187.65,0
2026-01-28 13:15:00+05:30,25276.6,25291.3,25213.55,25238.65,16673605,13.75,17355.0,25251.725250656822,-0.0005177963298361356,40.65239258514167,52.47694199139126,25356.679134639606,25146.77136667404,0.008312610955566593,16653000.0,0.0012373145979703358,-0.0014875624350921823,-1,25291.3,25187.65,0
2026-01-28 13:30:00+05:30,25238.35,25251.5,25207.0,25208.35,16662490,13.88,-11115.0,25247.59427440379,-0.0015543767844676166,43.840074384007465,44.89566054202658,25337.38559548784,25157.802953319737,0.007112861535095534,16658174.0,0.00025909202293120483,-0.0012005396485154085,0,25251.5,25187.65,0
2026-01-28 13:45:00+05:30,25207.35,25234.2,25187.65,25231.3,16724110,13.6,61620.0,25246.042438746284,-0.0005839504857862108,47.790697674418524,38.9241113035123,25323.89066135331,25168.194216139258,0.006167162460881321,16673631.0,0.003027474939321855,0.0009104126212147179,1,25253.2,25187.65,0
2026-01-28 14:00:00+05:30,25232.25,25242.8,25205.15,25209.05,16750955,13.67,26845.0,25242.519349341874,-0.0013259116048868987,39.02733726023247,40.84955066402027,25324.218450669916,25160.82024801383,0.006473133699324844,16693482.0,0.003442840744669087,-0.0008818412051697644,-1,25329.05,25201.1,1
2026-01-28 14:15:00+05:30,25208.65,25239.6,25201.1,25235.15,16755765,13.66,4810.0,25241.81750654741,-0.00026414526393271,40.64980887974163,38.074955160901666,25317.967416869215,25165.667596225605,0.006033631318509648,16713385.0,0.0025356922011908417,0.0010353424662969957,1,25344.5,25201.1,1
2026-01-28 14:30:00+05:30,25235.15,25253.2,25218.95,25251.55,16781895,13.65,26130.0,25242.744410685755,0.00034883644864371364,38.76839071742785,38.07545650594547,25318.895323697645,25166.593497673864,0.006033489209648221,16735043.0,0.0027996342764102845,0.0006498871613600521,1,25358.4,25218.95,1
2026-01-28 14:45:00+05:30,25252.05,25329.05,25251.2,25320.7,16855020,13.51,73125.0,25250.168752525205,0.00279329806331459,47.90295522002841,39.01619257273877,25328.201137670683,25172.136367379728,0.006180741674264963,16773549.0,0.004857111634514556,0.002738445758775354,1,25359.35,25248.55,0
2026-01-28 15:00:00+05:30,25320.8,25344.5,25320.8,25329.65,16784300,13.56,-70720.0,25257.738395141852,0.0028471117933496675,55.277738315101715,40.60521907055791,25338.948833282968,25176.527957000737,0.006430539177390142,16785587.0,-7.667292183466684e-05,0.0003534657414685505,0,25359.35,25207.8,0
2026-01-28 15:15:00+05:30,25329.75,25358.4,25329.75,25348.05,16772535,13.45,-11765.0,25266.339500366437,0.003233966662736284,53.84840932414599,42.9789926497741,25352.297485665986,25180.38151506689,0.006804150264687277,16789903.0,-0.0010344312292929864,0.0007264214073230413,0,25359.35,25159.8,0
2026-01-29 09:15:00+05:30,25345.0,25359.35,25248.55,25272.6,16643900,13.67,-128635.0,25266.93573842678,0.00022417683061604708,44.95716034271721,43.022153029509965,25352.980044485797,25180.89143236776,0.006810822408366657,16767530.0,-0.0073731789953559055,-0.002976560327125788,0,25359.35,25159.8,0
2026-01-29 09:30:00+05:30,25270.7,25282.25,25207.8,25210.7,16779490,13.81,135590.0,25261.579953814704,-0.002014123974340722,42.8688141923438,45.52092318205918,25352.621800178822,25170.538107450586,0.007207929712279936,16767049.0,0.0007419910325305306,-0.002449292910108092,-1,25282.25,25159.8,0
2026-01-29 09:45:00+05:30,25209.0,25238.35,25159.8,25184.85,16959280,14.0,179790.0,25254.272339165684,-0.0027489344469458824,39.960062125582525,48.308090950625505,25350.888521066936,25157.65615726443,0.007651472242295788,16787901.0,0.010208482883000084,-0.0010253582804127248,-1,25238.35,25159.8,0
2026-01-29 10:00:00+05:30,25185.3,25214.35,25167.05,25211.65,17086420,13.9,127140.0,25250.21306876895,-0.0015272373608856936,44.95382944052185,47.19286652973655,25344.598801828422,25155.827335709477,0.007476034582552893,16848325.0,0.014131671842749946,0.0010641318094013474,1,25240.55,25167.05,0
2026-01-29 10:15:00+05:30,25210.35,25228.85,25167.65,25194.3,17472715,14.0,386295.0,25244.888014600478,-0.0020038914243240284,41.08172815322676,49.04434694317708,25342.976708486833,25146.799320714123,0.0077709747676143436,16988361.0,0.028510931690231917,-0.0006881739195967462,-1,25258.95,25167.65,1
2026-01-29 10:30:00+05:30,25194.3,25221.65,25175.65,25190.0,17751955,13.99,279240.0,25239.66058463853,-0.0019675615078894077,44.291915992021536,48.900929048630665,25337.46244273579,25141.858726541268,0.007749855254137994,17209972.0,0.03149238127755234,-0.00017067352536082048,-1,25296.9,25175.65,1
2026-01-29 10:45:00+05:30,25191.05,25240.55,25183.55,25234.0,17742985,13.82,-8970.0,25239.121481339622,-0.00020291836795541227,52.915766738661034,46.7670809632053,25332.655643266033,25145.58731941321,0.007411839750093105,17402671.0,0.019555274015121013,0.0017467248908296096,0,25296.9,25183.55,0
2026-01-29 11:00:00+05:30,25234.6,25258.95,25230.1,25257.8,17715685,13.73,-27300.0,25240.900387878704,0.0006695328558647824,53.00658044020873,46.48978799838469,25333.879963875475,25147.920811881933,0.007367373950053072,17553952.0,0.009213480816171765,0.0009431719109138648,0,25296.9,25230.1,0
2026-01-29 11:15:00+05:30,25257.95,25296.9,25257.2,25278.4,17637100,13.61,-78585.0,25244.471779509306,0.0013439861521774852,57.897733743309544,46.59290351407189,25337.65758653745,25151.28597248116,0.007382670379641937,17664088.0,-0.001527845649319682,0.0008155896396362383,0,25296.9,25240.0,0
2026-01-29 11:30:00+05:30,25277.4,25295.2,25249.0,25269.45,17630795,13.59,-6305.0,25246.850657651274,0.0008951351063614009,54.064944299596924,46.8031585610704,25340.456974773413,25153.244340529134,0.007415286634475437,17695704.0,-0.0036680654242408216,-0.00035405721881132113,0,25295.2,25240.0,0
2026-01-29 11:45:00+05:30,25270.2,25274.9,25240.0,25258.8,17619485,13.59,-11310.0,25247.988690255912,0.0004282047919428847,50.87108013937281,46.40233376592421,25340.79335778776,25155.184022724065,0.007351450340887071,17669210.0,-0.0028142175003862653,-0.0004214575307338597,0,25309.05,25240.0,0
2026-01-29 12:00:00+05:30,25259.1,25287.95,25255.65,25280.75,17597060,13.55,-22425.0,25251.108814993444,0.001173856768973087,44.585987261146514,46.967023425491455,25345.042861844428,25157.17476814246,0.007439993826743007,17640025.0,-0.002435654144481088,0.000869004069868673,0,25340.85,25255.65,0
2026-01-29 12:15:00+05:30,25280.4,25290.15,25262.05,25284.95,17570540,13.5,-26520.0,25254.33178499407,0.0012123945811199509,43.863261943986856,46.612027191751295,25347.555839377572,25161.107730610565,0.007382816950151598,17610996.0,-0.0022972011350181443,0.00016613431167988857,0,25368.15,25262.05,1
2026-01-29 12:30:00+05:30,25285.85,25309.05,25281.25,25282.5,17621760,13.48,51220.0,25257.01447213749,0.0010090475218528117,40.588657573582594,46.78139784345776,25350.577267824403,25163.451676450575,0.007408856323072433,17607928.0,0.0007855552339832376,-9.689558413206178e-05,-1,25368.15,25276.45,1
2026-01-29 12:45:00+05:30,25282.3,25340.85,25276.45,25321.8,17638595,13.34,16835.0,25263.18452241011,0.002320193542421169,57.88208907401462,47.70603314741129,25358.59658870493,25167.772456115286,0.007553447286915534,17609488.0,0.0016529157463294787,0.0015544348857905455,1,25404.1,25276.45,0
2026-01-29 13:00:00+05:30,25322.25,25368.15,25321.0,25353.65,17602000,13.37,-36595.0,25271.80028218057,0.0032387766959817016,75.3412515511423,51.54608636661889,25374.89245491381,25168.708109447332,0.00815867263765378,17605991.0,-0.0002266842008495858,0.0012578094764195136,0,25431.9,25321.0,1
2026-01-29 13:15:00+05:30,25353.45,25356.4,25328.3,25336.75,17644055,13.42,42055.0,25277.985969591944,0.002324711726588738,77.81032588795206,53.694649039775506,25385.375267671494,25170.596671512394,0.008496665692332725,17615390.0,0.0016272702449392263,-0.0006665706910050639,-1,25437.3,25328.3,1
2026-01-29 13:30:00+05:30,25337.15,25404.1,25333.45,25402.5,17646135,13.37,2080.0,25289.844448678425,0.004454576679986752,80.58003525075986,60.374160721895905,25410.592770122217,25169.096127234632,0.009549154933620201,17630509.0,0.0008863045304023838,0.0025950447472544713,1,25437.3,25333.45,0
2026-01-29 13:45:00+05:30,25403.45,25431.9,25400.05,25430.9,17644835,13.39,-1300.0,25303.27831070905,0.005043681997401007,86.61405137728184,68.83598431649685,25440.950279342043,25165.60634207606,0.010881749545846468,17635124.0,0.0005506624166634723,0.0011180001968311704,0,25454.7,25383.65,0
2026-01-29 14:00:00+05:30,25430.05,25437.3,25383.65,25412.9,17700930,13.41,56095.0,25313.718471593904,0.003918093997821592,83.09085510688757,73.56424309283152,25460.846957779566,25166.58998540824,0.011624407243903265,17647591.0,0.0030224521862502367,-0.0007078003531136856,-1,25458.15,25383.65,0
2026-01-29 14:15:00+05:30,25413.3,25431.0,25398.65,25430.95,17762095,13.38,61165.0,25324.88337906115,0.004188237290227676,81.67926652726311,80.52560625749722,25485.934591576144,25163.832166546155,0.012718811779260002,17679610.0,0.004665544092884402,0.0007102691939919747,1,25458.15,25398.65,0
2026-01-29 14:30:00+05:30,25431.15,25454.7,25430.65,25440.25,17709185,13.52,-52910.0,25335.870676293423,0.004119823827654893,80.78285810696725,84.67319415960891,25505.21706461264,25166.524287974207,0.013368112782298996,17692636.0,0.0009353609038246194,0.0003656961301090611,0,25458.15,25405.1,0
2026-01-29 14:45:00+05:30,25439.7,25458.15,25429.95,25434.8,17742335,13.46,33150.0,25345.29251664643,0.003531522995632497,77.80938833570295,84.7847893196717,25514.862095285775,25175.722938007086,0.013380755304202822,17711876.0,0.0017196936112244688,-0.00021422745452581715,-1,25458.15,25224.35,0
2026-01-29 15:00:00+05:30,25436.95,25445.9,25407.6,25407.6,17797195,13.41,54860.0,25351.2265626801,0.0022236966397075593,73.06729003172384,83.48190550073963,25518.19037368158,25184.262751678623,0.01317204992734105,17742348.0,0.003091304487996741,-0.001069400978187418,-1,25445.9,25218.95,0
2026-01-29 15:15:00+05:30,25407.65,25431.65,25405.1,25422.1,17888975,13.33,91780.0,25357.976413853423,0.0025287343556145933,76.9205407187596,80.16336654300925,25518.30314693944,25197.649680767405,0.0126450731296074,17779957.0,0.006131510891730503,0.0005706953824839989,1,25431.65,25218.95,0
2026-01-30 09:15:00+05:30,25247.55,25285.95,25224.35,25242.0,17932850,13.79,43875.0,25346.93104110548,-0.004139792740009085,45.80127857839424,75.88964334537341,25498.710327796227,25195.151754414732,0.011976147048698314,17814108.0,0.006665615814162573,-0.007084387206406917,-1,25323.15,25218.95,1
2026-01-30 09:30:00+05:30,25242.5,25308.8,25218.95,25292.25,17999475,13.7,66625.0,25341.723322904956,-0.0019522477723620318,50.719211822660014,72.69251373157012,25487.108350368097,25196.338295441816,0.01147396533460967,17872166.0,0.007123311186791797,0.0019907297361541065,1,25323.15,25218.95,0
2026-01-30 09:45:00+05:30,25291.75,25323.15,25274.35,25283.4,18040815,13.83,41340.0,25336.168720723534,-0.0020827427108334015,50.087565674255835,71.34370680013065,25478.856134323796,25193.48130712327,0.011263535159801205,17931862.0,0.006075944595156933,-0.0003499095572754296,-1,25323.15,25266.45,0
2026-01-30 10:00:00+05:30,25283.95,25315.95,25266.45,25314.3,18063890,13.73,23075.0,25334.085985416532,-0.0007810025365794671,49.25816023738872,70.06410673529432,25474.21419888712,25193.957771945945,0.011062425030944581,17985201.0,0.004375208261503444,0.001222145755713111,1,25319.65,25266.45,0
2026-01-30 10:15:00+05:30,25315.8,25319.65,25268.95,25279.6,18098275,13.85,34385.0,25328.89684394829,-0.0019462688901142745,42.71663224156555,69.52173812809635,25467.94032020448,25189.853367692096,0.010979039246189173,18027061.0,0.003950394354354268,-0.0013707667207862873,-1,25319.65,25247.1,0
2026-01-30 10:30:00+05:30,25279.95,25311.6,25273.45,25302.1,18112835,13.74,14560.0,25326.344763572262,-0.0009572942245947716,46.62904951843549,67.31434013745678,25460.973443847175,25191.71608329735,0.01063151287970728,18063058.0,0.00275573493701897,0.0008900457285716534,1,25312.65,25244.0,0
2026-01-30 10:45:00+05:30,25301.05,25312.65,25284.3,25302.05,18122390,13.71,9555.0,25324.03097656538,-0.000867988851605885,38.79531511433334,66.3593710411981,25456.749718647778,25191.312234482983,0.010481644269446217,18087641.0,0.001921146046629298,-1.976120559188388e-06,-1,25312.65,25232.0,0
2026-01-30 11:00:00+05:30,25302.4,25309.2,25247.1,25255.45,18129345,13.85,6955.0,25317.499454987723,-0.00245085242711432,31.19305391789011,68.15833978962549,25453.816134566972,25181.182775408473,0.010768573714920661,18105347.0,0.0013254647922517034,-0.0018417480006560627,-1,25309.2,25232.0,0
2026-01-30 11:15:00+05:30,25255.35,25282.85,25244.0,25258.95,18173350,13.9,44005.0,25311.923316417466,-0.002092820674085487,32.96824870007711,69.52808425365404,25450.979484924774,25172.867147910158,0.010987404376111978,18127239.0,0.002543740941463838,0.0001385839492069607,1,25294.85,25232.0,0
2026-01-30 11:30:00+05:30,25257.55,25280.35,25232.0,25272.45,18197595,13.85,24245.0,25308.163952949137,-0.0014111633311500768,32.286544479213006,71.29344377278352,25450.750840494704,25165.57706540357,0.011268054672844146,18147103.0,0.0027823724811613182,0.0005344640216635721,1,25316.6,25232.0,0
2026-01-30 11:45:00+05:30,25271.85,25294.0,25256.3,25261.4,18215535,13.93,17940.0,25303.710243144455,-0.0016720964134465718,30.090170321718716,73.56697467709698,25450.844192498647,25156.576293790262,0.011629436785386508,18167643.0,0.0026361152076799397,-0.00043723501283010613,-1,25316.6,25248.85,0
2026-01-30 12:00:00+05:30,25262.0,25294.85,25248.85,25294.7,18235165,13.77,19630.0,25302.852124749745,-0.00032218204926274055,35.31446540880496,74.23655872478452,25451.325242199313,25154.379007300176,0.011735682342651061,18190198.0,0.0024720456588762803,0.0013182167259138122,1,25316.6,25248.85,0
2026-01-30 12:15:00+05:30,25293.65,25316.6,25270.6,25294.05,18204550,13.86,-30615.0,25302.013827154533,-0.0003147507233588948,37.395937395937295,73.15581712297113,25448.325461400476,25155.70219290859,0.011565216527462284,18205239.0,-3.784624854416907e-05,-2.56970827881009e-05,0,25316.6,25238.5,0
2026-01-30 12:30:00+05:30,25293.8,25309.85,25281.45,25293.55,18239910,13.87,35360.0,25301.207748377914,-0.00030266335323086036,35.273227173788385,69.71011645025462,25440.627981278423,25161.787515477405,0.011020836181976149,18218551.0,0.0011723764420123203,-1.976749472698547e-05,-1,25309.85,25213.65,0
2026-01-30 12:45:00+05:30,25293.7,25303.3,25285.2,25302.65,18261230,13.79,21320.0,25301.345105675256,5.157410877938928e-05,61.42399698625016,66.66455185228173,25434.67420937982,25168.016001970693,0.010539289760895531,18231278.0,0.0016428908604213044,0.000359775515892391,1,25306.5,25213.65,0
2026-01-30 13:00:00+05:30,25303.75,25306.15,25238.5,25247.05,18272085,13.98,10855.0,25296.174143229993,-0.001941959402708374,41.65435745937946,63.02744619342372,25422.22903561684,25170.119250843145,0.009966320730803812,18242588.0,0.0016169306679512797,-0.0021973982962260052,-1,25344.9,25213.65,1
2026-01-30 13:15:00+05:30,25247.4,25247.5,25213.65,25230.5,18372835,14.05,100750.0,25289.919462922375,-0.0023495315202363477,40.50269299820441,57.421267550318355,25404.761998023012,25175.076927821738,0.009082079938531095,18270122.0,0.005621911008585493,-0.0006555221303082837,-1,25370.7,25213.65,1
2026-01-30 13:30:00+05:30,25230.5,25306.5,25229.55,25301.2,18328830,13.7,-44005.0,25290.993799786913,0.00040355077755678623,47.94219289978033,47.82857622726081,25386.650952241434,25195.33664733239,0.00756452302442362,18294978.0,0.0018503438484593969,0.0028021640474822362,0,25370.7,25229.55,0
2026-01-30 13:45:00+05:30,25302.05,25344.9,25284.9,25342.65,18281315,13.77,-47515.0,25295.913437902444,0.0018475933755975622,59.69850792185854,41.40156811142064,25378.716574125287,25213.1103016796,0.0065467599283269146,18303259.0,-0.0011989121718705943,0.0016382622168118477,0,25370.7,25284.9,0
2026-01-30 14:00:00+05:30,25343.8,25370.7,25331.7,25352.45,18292170,13.73,10855.0,25301.297872387924,0.002021719512970141,58.059868736994055,31.390418731469765,25364.078709850863,25238.517034924986,0.004962657471532569,18309447.0,-0.0009436112406890279,0.00038669989129003213,1,25370.7,25302.2,0
2026-01-30 14:15:00+05:30,25353.5,25356.45,25326.35,25336.1,18317390,13.73,25220.0,25304.61236073193,0.0012443438697733273,55.18028297580994,31.478648883103727,25367.569658498138,25241.655062965725,0.004975954333440375,18318508.0,-6.1031171315917214e-05,-0.0006449080858064171,-1,25368.8,25293.3,0
2026-01-30 14:30:00+05:30,25335.45,25350.3,25303.95,25311.6,18317325,13.68,-65.0,25305.27785018603,0.0002498352261293904,59.158375468927844,31.819700120663402,25368.917250427356,25241.638449944705,0.005029733371677443,18307406.0,0.0005418025907111035,-0.0009669996566163963,0,25368.8,25293.3,0
2026-01-30 14:45:00+05:30,25310.15,25368.8,25302.2,25352.45,18345925,13.67,28600.0,25309.770435882598,0.0016862880769907998,63.59406804303542,34.49291260123665,25378.756261085073,25240.784610680123,0.00545131970890351,18310825.0,0.001916898883583891,0.0016138845430555548,1,25368.8,25252.3,0
2026-01-30 15:00:00+05:30,25352.45,25354.2,25293.3,25319.7,18391685,13.62,45760.0,25310.716108655684,0.0003549441788114433,56.50557620817828,34.67045335016611,25380.05701535602,25241.37520195535,0.005479173833143426,18332899.0,0.0032065850578241882,-0.0012917883675936936,-1,25354.2,25252.3,0
2026-01-30 15:15:00+05:30,25321.0,25343.9,25309.6,25315.8,18466110,13.63,74425.0,25311.200288783715,0.00018172631735375835,57.64044943820171,34.73976288030547,25380.679814544324,25241.720763023106,0.005490022201072628,18367687.0,0.005358486346157793,-0.00015403026102212003,-1,25346.85,25252.3,0
2026-02-01 09:15:00+05:30,25333.75,25342.55,25252.3,25320.4,18204225,14.26,-261885.0,25312.076451756697,0.0003288370378925202,53.92606171707908,35.11068316550303,25382.297818087703,25241.85508542569,0.0055484477114980625,18345054.0,-0.007676674050673277,0.000181704706152086,0,25352.25,25252.3,0
2026-02-01 09:30:00+05:30,25319.85,25335.1,25296.7,25333.35,18194995,14.1,-9230.0,25314.102503970345,0.0007603467682345949,55.786219081271824,35.975545330434116,25386.053594631212,25242.15141330948,0.00568466455799344,18320588.0,-0.006855293072471255,0.0005114453168195698,0,25376.4,25264.85,0
2026-02-01 09:45:00+05:30,25332.6,25346.85,25264.85,25321.5,18110950,14.09,-84045.0,25314.80702740174,0.0002643896353234824,53.982048724889594,34.69674829267852,25384.2005239871,25245.413530816382,0.005482443260202965,18273593.0,-0.008900439010543795,-0.00046776285015592833,0,25387.55,25264.85,0
2026-02-01 10:00:00+05:30,25321.95,25352.25,25316.2,25351.0,18105620,14.01,-5330.0,25318.253977173,0.0012933760304530931,56.51003096808911,34.633682551611344,25387.521342276224,25248.986612069777,0.005471733174465769,18216380.0,-0.006080242067853217,0.001165017870189411,0,25387.55,25316.2,0
2026-02-01 10:15:00+05:30,25350.9,25376.4,25338.6,25368.25,18086120,14.08,-19500.0,25323.015503156523,0.0017862997729412894,68.19819819819811,36.09194134767492,25395.199385851873,25250.831620461173,0.005701049520453213,18140382.0,-0.00299122697636687,0.000680446530708867,0,25440.9,25338.6,1
2026-02-01 10:30:00+05:30,25369.3,25387.55,25354.85,25371.3,18088070,14.14,1950.0,25327.614026665426,0.0017248357183815327,72.03442879499181,36.26541006367465,25400.144846792777,25255.083206538075,0.00572741041070739,18117151.0,-0.0016051640790541515,0.00012022902644059918,1,25440.9,25348.9,1
2026-02-01 10:45:00+05:30,25370.7,25385.8,25359.7,25383.0,18054920,14.08,-33150.0,25332.88888126872,0.001978105180429469,65.7005758157386,38.57902168867411,25410.046924646067,25255.73083789137,0.006091531347962443,18089136.0,-0.0018915220715903735,0.00046115098556254175,0,25440.9,25302.0,0
2026-02-01 11:00:00+05:30,25383.75,25440.9,25348.9,25411.0,18007600,14.02,-47320.0,25340.328035433602,0.0027889127744351503,63.833232139242604,42.69501234253536,25425.718060118674,25254.93801074853,0.006739456929339673,18068466.0,-0.003368631293879624,0.0011031005003347971,0,25440.9,25268.0,0
2026-02-01 11:15:00+05:30,25410.1,25412.35,25356.25,25386.4,18017740,13.97,10140.0,25344.715841582783,0.0016446883317913262,56.482719113996644,43.75533132909684,25432.226504240978,25257.20517892459,0.006905633758545984,18050890.0,-0.0018364745450224337,-0.0009680846877335725,-1,25412.35,25203.4,0
2026-02-01 11:30:00+05:30,25385.9,25402.15,25302.0,25311.55,18020535,14.03,2795.0,25341.55719000347,-0.0011841099494591392,46.168253472764306,43.475667347356826,25428.508524698183,25254.605855308757,0.0068623513577147615,18037773.0,-0.0009556612116140945,-0.0029484290801374824,-1,25402.15,24906.25,0
2026-02-01 11:45:00+05:30,25311.45,25328.9,25268.0,25279.85,18001815,14.01,-18720.0,25335.680314765043,-0.002203624061853489,45.153411692871366,40.569944394098556,25416.82020355324,25254.540425976844,0.006405187291608846,18020522.0,-0.001038094235006067,-0.0012523926823920783,0,25385.95,24571.75,0
2026-02-01 12:00:00+05:30,25279.6,25385.95,25203.4,25223.55,18187455,13.83,185640.0,25325.001237168373,-0.004005971656952128,31.209912536442943,41.5305591352633,25408.0623554389,25241.940118897848,0.006559614153038626,18047029.0,0.007781114553536762,-0.0022270701764448564,-1,25385.95,24571.75,0
2026-02-01 12:15:00+05:30,25226.75,25244.8,24906.25,24906.45,18824065,14.92,636610.0,25285.139214580908,-0.014976750231318971,17.063839961743767,104.43327418289573,25494.005762946697,25076.272666215118,0.016520893683301917,18210322.0,0.03370302842530736,-0.012571584887932086,-1,25244.8,24571.75,0
2026-02-01 12:30:00+05:30,24903.1,25058.7,24571.75,25013.15,19246565,14.77,422500.0,25259.23547985892,-0.009742396204158257,29.274806546600104,123.98766627426123,25507.21081240744,25011.260147310397,0.01963442897915505,18456087.0,0.04283020555765694,0.004284030843415998,1,25148.95,24571.75,0
2026-02-01 12:45:00+05:30,25005.4,25096.5,24949.15,25075.9,19250725,14.42,4160.0,25241.774957967595,-0.006571445876678914,34.49194469110736,132.75823802362137,25507.291434014838,24976.25848192035,0.021037860965750582,18702125.0,0.02933356503605874,0.0025086804340916924,1,25148.95,24949.15,0
2026-02-01 13:00:00+05:30,25074.15,25141.9,25055.75,25119.95,19143215,14.28,-107510.0,25230.172581018298,-0.004368681215491257,36.978276787893684,137.0743289288466,25504.32123887599,24956.023923160607,0.021731809957094374,18930405.0,0.011241703492344723,0.001756666759717529,0,25148.95,24985.3,0
2026-02-01 13:15:00+05:30,25121.15,25148.95,25066.9,25066.9,19079190,14.49,-64025.0,25214.62281139751,-0.005858616744040025,35.207994422495986,144.25609489533082,25503.13500118817,24926.110621606847,0.022884513637082673,19108752.0,-0.0015470398066812527,-0.0021118672608823053,0,25148.95,24983.55,0
2026-02-01 13:30:00+05:30,25065.6,25101.7,25031.1,25077.1,18994365,14.39,-84825.0,25201.52540078822,-0.004937217045771806,33.7216213003683,148.21163735464407,25497.948675497508,24905.102126078935,0.02352423275934046,19142812.0,-0.007754712317082778,0.0004069111058806474,0,25101.7,24983.55,0
2026-02-01 13:45:00+05:30,25078.0,25095.3,24985.3,25048.95,18907395,14.4,-86970.0,25186.994410236963,-0.005480781390131069,31.266134710161836,153.56744470213604,25494.129299641234,24879.85952083269,0.02438837158588798,19074978.0,-0.008785488507509681,-0.001122538092522607,0,25095.3,24983.55,0
2026-02-01 14:00:00+05:30,25047.1,25063.85,24983.55,25011.75,18916950,14.57,9555.0,25170.30446640487,-0.006299266924501972,29.71738026738865,159.98690908609237,25490.278284577053,24850.330648232684,0.025424707801946323,19008223.0,-0.004801763952369456,-0.001485092189492998,-1,25091.55,24912.45,0
2026-02-01 14:15:00+05:30,25012.3,25053.8,24991.3,25039.1,18927350,14.46,10400.0,25157.80880293774,-0.004718566861986766,30.936807095343454,162.94696344120737,25483.702729820154,24831.914876055325,0.025907973896705884,18965050.0,-0.001987867155636289,0.001093486061551019,1,25091.55,24847.45,0
2026-02-01 14:30:00+05:30,25038.45,25091.55,25026.9,25035.05,18887570,14.53,-39780.0,25146.11748837224,-0.004416884174012178,28.591765844769412,164.2274867210399,25474.57246181432,24817.66251493016,0.026123712624341305,18926726.0,-0.0020688205662194297,-0.00016174702764870652,0,25091.55,24721.0,0
2026-02-01 14:45:00+05:30,25033.7,25052.0,24912.45,24923.85,18931575,15.11,44005.0,25124.949156146315,-0.008003962710393036,26.024983154511702,171.39483155237258,25467.73881925106,24782.15949304157,0.027286794570160366,18914168.0,0.0009203153953163576,-0.0044417726347660835,-1,25052.0,24721.0,0
2026-02-01 15:00:00+05:30,24923.9,24954.25,24847.45,24850.15,19001775,15.05,70200.0,25098.777807941904,-0.009905972706895324,26.056045666839495,179.9635793562321,25458.704966654368,24738.85064922944,0.02868085143162419,18933044.0,0.0036302139265085953,-0.0029570070434542517,-1,24954.25,24721.0,0
2026-02-01 15:15:00+05:30,24849.4,24850.55,24721.0,24768.0,19360445,15.22,358670.0,25067.275159566485,-0.011938878783650797,24.759603530745906,190.54166865383905,25448.358496874163,24686.191822258806,0.030404847346341485,19021743.0,0.01780604437774183,-0.0033058150554423626,-1,24942.95,24721.0,0
2026-02-02 09:15:00+05:30,24796.5,24884.7,24726.85,24851.35,18805410,15.41,-555035.0,25046.71085865539,-0.007799860818366974,32.12295869356366,189.21917672918937,25425.14921211377,24668.272505197012,0.030218606793841953,18997355.0,-0.010103774972884384,0.003365229328165409,0,24942.95,24726.85,0
2026-02-02 09:30:00+05:30,24853.1,24918.55,24843.85,24867.1,18759715,15.39,-45695.0,25029.60506259297,-0.006492514052322711,47.33995808828482,182.08222253455554,25393.769507662084,24665.44061752386,0.029098696855857364,18971784.0,-0.011178126421848362,0.0006337683868280486,0,24942.95,24795.7,0
2026-02-02 09:45:00+05:30,24866.55,24942.95,24850.45,24863.3,18796115,15.19,36400.0,25013.766485203167,-0.006015347000707609,38.23321554770281,167.66052355238193,25349.08753230793,24678.445438098403,0.026810920082996896,18944692.0,-0.007842671709838302,-0.000152812350454945,-1,24942.95,24795.7,0
2026-02-02 10:00:00+05:30,24862.9,24865.9,24795.7,24826.15,18781100,15.18,-15015.0,24995.89824851715,-0.006791044147702097,29.56720935940396,152.11149241580185,25300.121233348753,24691.67526368555,0.024341832552438845,18900557.0,-0.006320289925847159,-0.0014941701222283,0,24873.65,24769.15,0
2026-02-02 10:15:00+05:30,24825.5,24850.6,24799.9,24826.0,18770765,15.05,-10335.0,24979.717462944092,-0.006153691016406531,24.089907448214518,139.31645196973327,25258.35036688356,24701.084559004626,0.022308731422026773,18782621.0,-0.0006312218087134911,-6.042016180596299e-06,0,24873.65,24702.0,0
2026-02-02 10:30:00+05:30,24826.5,24873.65,24825.65,24846.9,18768295,14.96,-2470.0,24967.068180758943,-0.004813067352920103,29.443094748644782,123.62767029189824,25214.32352134274,24719.812840175146,0.019806517833307016,18775198.0,-0.0003676658962531314,0.0008418593410135511,0,24873.65,24679.4,0
2026-02-02 10:45:00+05:30,24846.5,24864.35,24769.15,24773.0,18448105,15.11,-320190.0,24948.58549687714,-0.00703789386773517,24.60754843019366,114.15233001269608,25176.89015690253,24720.280836851747,0.018302012356890406,18712876.0,-0.014149134531752362,-0.0029742140870692158,0,24869.7,24679.4,0
2026-02-02 11:00:00+05:30,24770.25,24772.05,24702.0,24728.45,18409365,15.19,-38740.0,24927.620211460267,-0.007989940867628425,23.951560468140315,123.42730963249772,25174.474830725263,24680.765592195272,0.019805710867779203,18635526.0,-0.012136013762101484,-0.0017983288257377161,0,24879.95,24679.4,0
2026-02-02 11:15:00+05:30,24727.0,24733.9,24679.4,24724.3,18469815,15.06,60450.0,24908.256381797386,-0.007385357649193764,25.31134587305661,129.98543934128665,25168.22726047996,24648.285503114814,0.020874273549918602,18573269.0,-0.0055700480082423835,-0.0001678228922556979,-1,24914.05,24679.4,0
2026-02-02 11:30:00+05:30,24723.0,24869.7,24722.05,24868.4,18452590,14.81,-17225.0,24904.460535911923,-0.0014479549099215747,37.78795249678089,124.73982383855237,25153.940183589028,24654.98088823482,0.020034936899545188,18509634.0,-0.003081854562872502,0.005828274207965611,0,24927.3,24722.05,0
2026-02-02 11:45:00+05:30,24868.9,24879.95,24850.5,24874.05,18428540,14.82,-24050.0,24901.564294396503,-0.001104922328220772,38.50820842255532,114.19254316473706,25129.94938072598,24673.179208067028,0.01834303127541816,18441683.0,-0.0007126789892224045,0.00022719595953080152,0,24927.3,24850.5,0
2026-02-02 12:00:00+05:30,24874.6,24914.05,24852.7,24910.45,18431335,14.76,2795.0,24902.410552073026,0.0003228381409166486,48.92919929678777,106.80832980505633,25116.02721168314,24688.793892462912,0.017156303737216407,18438329.0,-0.0003793185380302087,0.00146337247050643,1,24944.5,24852.7,0
2026-02-02 12:15:00+05:30,24910.45,24927.3,24879.45,24896.95,18392270,14.81,-39065.0,24901.890499494642,-0.00019839857117442394,54.137931034482676,96.95670747790346,25095.80391445045,24707.977084538834,0.015574192245343286,18434910.0,-0.002313002884201767,-0.0005419412334983775,0,24963.3,24861.95,1
2026-02-02 12:30:00+05:30,24896.8,24897.65,24861.95,24870.85,18116020,14.74,-276250.0,24898.93426144753,-0.0011279302621003222,60.09421925606023,88.07182516624219,25075.077911780016,24722.790611115048,0.014148689938526198,18364151.0,-0.013511705496213791,-0.0010483211799036107,0,24963.3,24851.35,1
2026-02-02 12:45:00+05:30,24870.5,24944.5,24865.05,24938.55,18118295,14.68,2275.0,24902.707188928718,0.0014393138384254153,58.82948562170915,83.15682944202337,25069.020847812764,24736.393530044672,0.013357074604160798,18297292.0,-0.009782704457031128,0.0027220621731867123,1,24972.3,24851.35,0
2026-02-02 13:00:00+05:30,24938.85,24963.3,24930.3,24935.2,18206760,14.63,88465.0,24905.801742364078,0.001180377887049404,57.073120066472946,74.43684620081105,25054.6754347657,24756.928049962455,0.011954940775778597,18252936.0,-0.002529784797360819,-0.00013433018359121363,-1,24984.45,24851.35,0
2026-02-02 13:15:00+05:30,24936.2,24942.95,24851.35,24895.85,18196035,14.53,-10725.0,24904.85395737702,-0.0003615342371584435,53.14827352742033,62.67895700528364,25030.21187138759,24779.496043366453,0.010066946325010387,18205876.0,-0.0005405397685889984,-0.0015780904103437354,0,24984.45,24851.35,0
2026-02-02 13:30:00+05:30,24896.25,24972.3,24870.8,24964.2,18231200,14.37,35165.0,24910.505961436353,0.0021554776385020497,62.592356106904695,65.69227824491358,25041.89051792618,24779.121404946527,0.01054852572591022,18173662.0,0.003166010240533801,0.0027454374925941494,1,24984.45,24870.8,0
2026-02-02 13:45:00+05:30,24963.5,24984.45,24941.7,24948.6,18257265,14.35,26065.0,24914.133965109082,0.001383392853999434,60.87650816181651,68.99718772840252,25052.128340565887,24776.139589652277,0.011077597611866311,18201911.0,0.003041109254956801,-0.0006248948494245177,-1,24984.45,24913.85,0
2026-02-02 14:00:00+05:30,24949.05,24958.75,24913.85,24943.2,18259540,14.29,2275.0,24916.902158908215,0.001055421774507546,58.78489326765167,67.9654271144521,25052.83301313712,24780.97130467931,0.010910734678171543,18230160.0,0.0016116150379371327,-0.0002164450109424232,-1,25035.05,24913.85,1
2026-02-02 14:15:00+05:30,24942.45,24974.4,24921.65,24972.15,18216315,14.31,-43225.0,24922.163858059812,0.002005690285357147,69.79032097783941,71.7060616883274,25065.57598143647,24778.751734683156,0.011508801899661452,18232071.0,-0.0008641914569112857,0.0011606369671894878,0,25093.3,24921.65,0
2026-02-02 14:30:00+05:30,24971.2,24983.4,24931.2,24955.4,18217160,14.24,845.0,24925.32920491126,0.0012064352226415422,73.87188387503905,73.96229564844015,25073.25379620814,24777.40461361438,0.011869419262693874,18236296.0,-0.0010493358958420065,-0.0006707472123945735,-1,25108.1,24931.2,1
2026-02-02 14:45:00+05:30,24954.85,25035.05,24952.85,25033.3,18124015,14.06,-93145.0,24935.612137776858,0.0039176043356540175,78.13695137497695,81.55135688121075,25098.71485153928,24772.509424014435,0.013081909749095401,18214859.0,-0.004987356750881244,0.0031215688788799323,0,26341.2,24952.85,0
2026-02-02 15:00:00+05:30,25035.35,25093.3,25035.35,25086.45,18143515,13.89,19500.0,24949.977648464777,0.005469838629038645,73.79679144384993,91.55417417664376,25133.085996818067,24766.869300111488,0.014678037065460565,18192109.0,-0.002671158137849768,0.0021231719349825706,1,26341.2,25035.35,0
2026-02-02 15:15:00+05:30,25085.85,25108.1,25069.5,25079.9,18147090,13.77,3575.0,24962.351205753846,0.0047090433620315345,72.4213048687506,98.17350145591854,25158.698208665683,24766.00420284201,0.01573145103948205,18169619.0,-0.0012399269351767916,-0.0002610971261377548,-1,26341.2,25069.5,1
2026-02-03 09:15:00+05:30,26308.05,26341.2,25763.9,25786.25,17441905,14.92,-705185.0,25040.817757586814,0.029768686056082835,88.78653675819294,217.4615661746177,25475.74088993605,24605.89462523758,0.03473713490985835,18014737.0,-0.03179796629837005,0.028163987894688436,0,26341.2,25641.3,0
2026-02-03 09:30:00+05:30,25785.3,25795.25,25720.15,25727.3,17225260,14.61,-216645.0,25106.197018769024,0.024739030796525965,85.35058963770256,272.2354556551215,25650.667930079268,24561.72610745878,0.04337342775596042,17816357.0,-0.033177209010798334,-0.0022861020892918082,0,25795.25,25641.3,0
2026-02-03 09:45:00+05:30,25726.3,25793.1,25675.15,25702.6,17136535,14.49,-88725.0,25162.99730269578,0.021444293412788626,85.45245300711811,304.95651565551753,25772.910334006818,24553.084271384745,0.04847697783965463,17618861.0,-0.027375549418319378,-0.0009600696536364861,0,25821.65,25641.3,0
2026-02-03 10:00:00+05:30,25703.55,25729.15,25641.3,25671.0,16983460,14.6,-153075.0,25211.37851196285,0.01823071625453009,82.2111790316197,323.70648428332726,25858.791480529504,24563.965543396193,0.05135879168681372,17386850.0,-0.023200867322142885,-0.0012294476045224823,0,25821.65,25641.3,1
2026-02-03 10:15:00+05:30,25672.35,25794.7,25672.35,25771.15,17084665,14.68,101205.0,25264.690082252102,0.020046155963087654,83.87841945288747,351.05199622363773,25966.794074699377,24562.586089804827,0.055579861867412185,17174365.0,-0.005222900526453234,0.003901289392699958,1,25821.65,25672.35,0
2026-02-03 10:30:00+05:30,25771.55,25821.65,25763.7,25798.3,16958890,14.5,-125775.0,25315.51007441857,0.019070914398414247,86.93872538987358,373.20291618808074,26061.91590679473,24569.10424204241,0.058968263343854674,17077762.0,-0.006960631024135364,0.0010535036271177578,0,25824.05,25746.7,0
2026-02-03 10:45:00+05:30,25798.3,25804.4,25746.7,25780.1,16960190,14.15,1300.0,25359.756733997754,0.016575208919047894,84.82584941096121,388.7199428555965,26137.196619708946,24582.316848286562,0.061312881970113045,17024748.0,-0.0037920091386962084,-0.0007054728412337896,-1,25863.15,25746.7,1
2026-02-03 11:00:00+05:30,25780.7,25810.5,25765.5,25784.2,17011800,14.04,51610.0,25400.179902188444,0.015118794405801456,86.02034658160203,398.27648108836945,26196.73286436518,24603.626940011705,0.06272026145044023,16999801.0,0.0007058317917956804,0.00015903739706213393,1,25863.15,25765.5,1
2026-02-03 11:15:00+05:30,25785.15,25824.05,25773.9,25815.75,17025125,13.89,13325.0,25439.758006741926,0.014779700072556924,86.7838624004047,402.92561429039813,26245.60923532272,24633.90677816113,0.06335368664805952,17008134.0,0.0009989925996584928,0.0012236175642448277,1,25863.15,25773.9,0
2026-02-03 11:30:00+05:30,25815.9,25863.15,25805.75,25851.55,17083170,13.65,58045.0,25478.976291814124,0.01462278954690874,86.85975354178889,407.9923907555812,26294.961073325285,24662.991510302963,0.0640516143321912,17007835.0,0.004429429142509908,0.001386750336519249,1,25863.15,25780.85,0
2026-02-03 11:45:00+05:30,25851.2,25855.9,25826.15,25847.85,17049240,13.66,-33930.0,25514.10712116516,0.013080719511363244,87.82048565495606,407.2365799862911,26328.580281137743,24699.63396119258,0.0638449275222285,17025905.0,0.0013705585694269997,-0.00014312488032630633,0,25855.9,25767.55,0
2026-02-03 12:00:00+05:30,25849.2,25851.85,25813.15,25836.55,17038060,13.57,-11180.0,25544.81596676848,0.011420478957884755,86.07680215584999,397.63150145248085,26340.078969673443,24749.55296386352,0.06226414032025343,17041479.0,-0.0002006281262324708,-0.000437173691428816,0,25851.85,25767.55,0
2026-02-03 12:15:00+05:30,25837.35,25838.6,25780.85,25786.55,17039035,13.58,975.0,25567.83825564767,0.008554174278070472,81.53319520763893,385.1382172521262,26338.114690151924,24797.56182114342,0.060253544065979554,17046926.0,-0.0004628987067815042,-0.001935242902012857,-1,25838.6,25767.55,0
2026-02-03 12:30:00+05:30,25786.25,25812.1,25767.55,25796.05,16842345,13.66,-196690.0,25589.57270749075,0.008068805793259927,82.17061228156858,366.4118495986529,26322.396406688058,24856.749008293446,0.05727518060376125,17010370.0,-0.009877798072587487,0.0003684091125024658,0,25812.1,25744.0,0
2026-02-03 12:45:00+05:30,25796.45,25805.5,25780.1,25795.6,16842280,13.59,-65.0,25609.194354396393,0.007278856297625168,51.14822546972843,340.62611969877594,26290.446593793946,24927.94211499884,0.05320372284812623,16962192.0,-0.007069369336227299,-1.7444531236421312e-05,0,25811.5,25729.4,0
2026-02-03 13:00:00+05:30,25795.45,25811.5,25786.4,25790.3,16901170,13.65,58890.0,25626.442511120546,0.006394078647800922,58.910891089108915,309.7561299996542,26245.954771119854,25006.930251121237,0.04834945464868736,16932578.0,-0.001854885889201278,-0.00020546139651722584,-1,25811.85,25729.4,0
2026-02-03 13:15:00+05:30,25791.3,25800.45,25744.0,25771.05,16922490,13.52,21320.0,25640.214652918592,0.0051027399283692975,59.83335727625354,266.2341236185618,26172.682900155716,25107.746405681468,0.04153383693895979,16909464.0,0.0007703378415779471,-0.0007464046560140547,-1,25811.85,25729.4,0
2026-02-03 13:30:00+05:30,25771.7,25811.45,25729.4,25800.8,17192305,13.27,269815.0,25655.508495497776,0.005663169939809244,68.74638937030603,220.09804639367837,26095.70458828513,25215.31240271042,0.03431591253508806,16940118.0,0.01488696831981926,0.0011543961150204396,1,25811.85,25729.4,0
2026-02-03 13:45:00+05:30,25802.05,25811.85,25770.15,25770.35,17146545,13.1,-45760.0,25666.445781640843,0.004048251138592706,49.85533453887831,163.26247562550313,25992.97073289185,25339.920830389838,0.025443721661264688,17000958.0,0.008563458600391814,-0.0011801959629158532,0,25811.85,25740.3,0
2026-02-03 14:00:00+05:30,25770.85,25786.7,25755.6,25775.15,17074525,13.18,-72020.0,25676.798564341716,0.0038303620839581468,45.44560299036054,43.785654569206976,25764.36987348013,25589.227255203303,0.006821045771650567,17047407.0,0.0015907404568917725,0.00018626056689186044,0,25790.35,25740.2,0
2026-02-03 14:15:00+05:30,25774.4,25781.55,25763.0,25768.9,17056000,13.18,-18525.0,25685.570129642507,0.003244228955670623,47.68786127167694,43.888012090597144,25773.346153823702,25597.79410546131,0.00683465648129784,17078373.0,-0.0013100194029021382,-0.0002424816150439213,0,25790.35,25696.85,0
2026-02-03 14:30:00+05:30,25769.05,25788.1,25740.3,25746.6,17124835,13.13,68835.0,25691.382498247982,0.002149261596015015,42.780337941627984,42.8198902380808,25777.022278724144,25605.74271777182,0.00666680981313497,17118842.0,0.00035008209083301314,-0.0008653842422455815,-1,25790.35,25696.85,0
2026-02-03 14:45:00+05:30,25746.2,25790.35,25740.2,25778.05,17082910,12.94,-41925.0,25699.63654603389,0.0030511503081241493,42.75835574337307,38.463931412926115,25776.56440885974,25622.70868320804,0.005986688775777468,17096963.0,-0.0008219588473110692,0.0012215205114463057,0,25790.35,25563.95,0
2026-02-03 15:00:00+05:30,25778.75,25780.45,25696.85,25717.85,16948685,12.85,-134225.0,25701.371160697327,0.0006411657650340272,26.519142957499653,31.908937454500798,25765.189035606327,25637.553285788326,0.004966106633765195,17057391.0,-0.006372955864117789,-0.002335320165799959,0,25791.2,25563.95,0
2026-02-03 15:15:00+05:30,25721.9,25749.45,25706.05,25714.8,16927235,13.04,-21450.0,25702.65009777377,0.0004727100972082678,26.57982749515996,35.82772476509706,25774.305547303964,25630.994648243577,0.0055757246243180085,17027933.0,-0.005913694868308444,-0.00011859467257169243,0,25795.25,25563.95,0
2026-02-04 09:15:00+05:30,25675.05,25788.3,25563.95,25752.65,16041610,12.83,-885625.0,25707.41199322389,0.0017597262139042052,36.49388280747018,36.472495404811255,25780.35698403351,25634.46700241427,0.005675016281596024,16825055.0,-0.04656418656580914,0.0014719150061444086,0,25801.8,25563.95,0
2026-02-04 09:30:00+05:30,25752.65,25791.2,25728.2,25788.65,16059225,12.85,17615.0,25715.148946250185,0.0028582783597111737,50.354012137559366,36.47405305219032,25788.097052354566,25642.200840145804,0.005673551124036409,16611933.0,-0.033271745076265354,0.0013979143893929624,1,25801.8,25728.2,0
2026-02-04 09:45:00+05:30,25788.05,25795.25,25748.1,25781.5,16038555,12.78,-20670.0,25721.46809422636,0.002333922214460096,47.52761257434177,36.48007197521884,25794.428238176795,25648.50795027592,0.0056730932840349,16403062.0,-0.02222188759635244,-0.00027725375310461153,0,25801.8,25709.55,0
2026-02-04 10:00:00+05:30,25779.55,25801.8,25771.3,25782.3,16008395,12.7,-30160.0,25727.261609061945,0.002139302339066981,47.74270196877141,35.722548901237474,25798.70670686442,25655.81651125947,0.0055540382717848905,16215004.0,-0.01274184082840806,3.103000213333651e-05,0,25801.8,25709.55,0
2026-02-04 10:15:00+05:30,25782.55,25787.05,25735.95,25743.3,15969200,12.6,-39195.0,25728.78907486557,0.0005639956506388784,42.841912884557026,32.81711794573529,25794.42331075704,25663.1548389741,0.005102007381730055,16023397.0,-0.003382366423299629,-0.001512665665980184,0,25787.05,25709.55,0
2026-02-04 10:30:00+05:30,25744.15,25750.35,25709.55,25740.35,15958410,12.53,-10790.0,25729.890115354563,0.00040652659605388224,45.08012820512827,29.253993317169506,25788.398101988903,25671.382128720223,0.0045478613683954386,16006757.0,-0.0030204119422816253,-0.00011459292320725734,0,25760.15,25685.95,0
2026-02-04 10:45:00+05:30,25739.0,25756.9,25729.6,25746.2,15956980,12.41,-1430.0,25731.443437701746,0.0005734836576106487,40.524123568206164,25.47130996984293,25782.386057641434,25680.50081776206,0.0039595617760833715,15986308.0,-0.0018345699332203533,0.00022726963697072833,0,25760.15,25685.95,0
2026-02-04 11:00:00+05:30,25745.9,25760.15,25714.15,25723.95,15941055,12.41,-15925.0,25730.72977696825,-0.00026348949396359854,41.71132547338411,26.79939806866742,25784.328573105584,25677.130980830912,0.004166131050454106,15966808.0,-0.0016129084786389366,-0.0008642052030979341,0,25760.15,25685.95,0
2026-02-04 11:15:00+05:30,25724.0,25726.8,25685.95,25699.35,15917785,12.36,-23270.0,25727.741226780796,-0.001103525821817735,37.35402068735402,29.355686708130573,25786.452600197055,25669.029853364536,0.004564051923465786,15948686.0,-0.0019375263893213522,-0.0009563072545235585,0,25742.55,25685.95,0
2026-02-04 11:30:00+05:30,25698.15,25723.9,25691.25,25717.35,15918175,12.33,390.0,25726.751586135004,-0.000365440079114853,41.7241932894524,29.48918836224014,25785.729962859485,25667.773209410523,0.004584984351951077,15938481.0,-0.001274023540888244,0.0007004068196276858,1,25756.3,25691.25,0
2026-02-04 11:45:00+05:30,25717.05,25729.55,25695.65,25727.45,15940470,12.22,22295.0,25726.818101741195,2.4561850451404352e-05,46.800334168755704,28.925887149209732,25784.669876039614,25668.966327442777,0.004497390549397415,15934893.0,0.0003499866613475221,0.0003927309773363863,1,25762.95,25695.65,0
2026-02-04 12:00:00+05:30,25726.9,25742.55,25711.25,25742.55,15960750,12.2,20280.0,25728.316377765845,0.0005532278919912211,43.72569812654668,28.655879804479238,25785.628137374802,25671.004618156887,0.004455150408402631,15935647.0,0.0015752733478596758,0.0005869217508924773,1,25762.95,25701.25,0
2026-02-04 12:15:00+05:30,25741.7,25756.3,25723.6,25748.0,15970370,12.17,9620.0,25730.191008454814,0.0006921437753545481,56.6074950690336,26.138865497070167,25782.468739448956,25677.913277460673,0.004063532289905113,15941510.0,0.001810368026617303,0.00021171173795919707,1,25762.95,25701.25,0
2026-02-04 12:30:00+05:30,25746.85,25762.95,25727.2,25738.7,15964520,12.11,-5850.0,25731.001388601973,0.0002991959497323593,55.09812286689432,25.685569750761495,25782.372528103497,25679.63024910045,0.003992937447376551,15950857.0,0.0008565683962936913,-0.0003611931023768111,0,25762.95,25701.25,0
2026-02-04 12:45:00+05:30,25738.6,25738.9,25701.25,25705.15,15939040,12.1,-25480.0,25728.539351592262,-0.0009090819837315576,39.67840069535011,26.362624435084044,25781.26460046243,25675.814102722095,0.004098580813286936,15955030.0,-0.0010021917852865209,-0.001303484635976182,0,25772.7,25701.25,1
2026-02-04 13:00:00+05:30,25704.55,25740.95,25702.65,25736.75,15958475,12.11,19435.0,25729.321318107286,0.0002887243624061675,38.5024368630925,25.683373179835563,25780.688064466958,25677.954571747614,0.003992856688646677,15958631.0,-9.775274583390016e-06,0.0012293256409707798,1,25788.25,25702.65,0
2026-02-04 13:15:00+05:30,25735.9,25759.25,25727.85,25757.25,15970500,12.16,12025.0,25731.981192573257,0.0009820000736684678,44.927839364149825,25.902510927869535,25783.786214428997,25680.176170717517,0.004026508605617353,15960581.0,0.0006214686044323825,0.0007965263679368118,1,25791.7,25727.85,0
2026-02-04 13:30:00+05:30,25757.95,25772.7,25757.05,25771.35,15953405,12.18,-17095.0,25735.73060280438,0.0013840445311367451,47.83039429363966,25.452615804976787,25786.635834414334,25684.825371194423,0.00395599661774576,15957188.0,-0.00023707184498922992,0.0005474186879421694,0,25818.55,25755.25,0
2026-02-04 13:45:00+05:30,25770.2,25788.25,25761.0,25775.1,15942615,12.19,-10790.0,25739.48006920396,0.001383863648382522,57.32381391064002,25.836974219945837,25791.154017643854,25687.806120764068,0.004015150912214308,15952807.0,-0.00063888442955525,0.00014551042145627413,0,25818.55,25755.25,0
2026-02-04 14:00:00+05:30,25774.95,25791.7,25755.25,25790.9,15965040,12.16,22425.0,25744.37720547025,0.001807105068359031,60.991519895629914,26.797680575204144,25797.972566620658,25690.78184431984,0.004163655676939053,15958007.0,0.00044071919507241726,0.000612994711950865,1,25818.55,25755.25,0
2026-02-04 14:15:00+05:30,25789.95,25818.55,25788.35,25798.2,15981680,12.22,16640.0,25749.503185901656,0.0018911748994445419,61.235955056179705,29.01795394778896,25807.539093797233,25691.46727800608,0.004507730302723113,15962648.0,0.0011922833855635981,0.0002830455703368706,1,25818.55,25779.85,0
2026-02-04 14:30:00+05:30,25797.75,25815.7,25793.15,25809.35,15992860,12.23,11180.0,25755.202882482452,0.002102375887490098,69.38266000907811,30.75904862587017,25816.720979734193,25693.68478523071,0.004777139402274549,15967120.0,0.0016120627890314596,0.00043220069617255774,1,25815.7,25737.5,0
2026-02-04 14:45:00+05:30,25809.7,25812.65,25779.85,25782.65,15957045,12.16,-35815.0,25757.8168936746,0.0009640998081440355,68.72751798561265,30.81860169648436,25819.45409706757,25696.17969028163,0.004785902753125449,15967848.0,-0.0006765470212391801,-0.0010345088117289514,0,25812.65,25666.15,0
2026-02-04 15:00:00+05:30,25784.8,25812.4,25780.2,25783.1,15929680,12.22,-27365.0,25760.224808562733,0.0008880043403061566,66.0483280449116,30.86074836218192,25821.946305287096,25698.50331183837,0.004791999851169562,15965261.0,-0.0022286513198875985,1.7453597671135412e-05,0,25812.4,25633.85,0
2026-02-04 15:15:00+05:30,25783.0,25790.25,25737.5,25737.5,15880280,12.43,-49400.0,25758.06054108057,-0.0007982177481017251,52.09070106095273,30.972371389254462,25820.00528385908,25696.11579830206,0.004809736562247425,15948309.0,-0.004265593298951004,-0.0017686003622527924,0,25790.25,25612.9,0
2026-02-05 09:15:00+05:30,25755.9,25757.65,25666.15,25690.65,15570555,12.28,-309725.0,25751.64048954909,-0.002368411813369299,40.46306504961408,33.78517854731342,25819.210846643717,25684.07013245446,0.005247848743620848,15866084.0,-0.018626461324672175,-0.0018203011170470074,0,25757.65,25612.9,0
2026-02-05 09:30:00+05:30,25690.7,25729.55,25633.85,25635.15,15702050,12.37,131495.0,25740.54615721108,-0.004094557923028071,32.48486729784213,42.3278944824312,25825.20194617594,25655.89036824622,0.0065776218148460115,15807922.0,-0.006697401467441451,-0.0021603190265718775,-1,25729.55,25612.9,1
2026-02-05 09:45:00+05:30,25635.15,25647.05,25612.9,25637.65,15927535,12.43,225485.0,25730.746523190977,-0.0036181042437718816,33.978119549706165,48.39251865569787,25827.53156050237,25633.961485879583,0.007522909389679966,15802020.0,0.00794297184790299,9.752234724591524e-05,1,25700.45,25612.9,0
2026-02-05 10:00:00+05:30,25637.35,25676.7,25622.55,25672.75,16007420,12.26,79885.0,25725.223044791837,-0.0020397508196711503,44.88797727989858,49.88802323045115,25824.99909125274,25625.446998330935,0.007757059776482822,15817568.0,0.012002603687241932,0.0013690802394135115,1,25700.45,25616.0,0
2026-02-05 10:15:00+05:30,25672.5,25700.45,25657.3,25669.55,16011125,12.21,3705.0,25719.92085004976,-0.0019584372107296806,38.35355285961815,52.02252011085279,25823.965890271465,25615.875809828052,0.008090619005268463,15843737.0,0.010564931745585022,-0.00012464578200621634,-1,25700.45,25611.6,0
2026-02-05 10:30:00+05:30,25668.9,25670.85,25623.55,25642.65,15843685,12.3,-167440.0,25712.561721473594,-0.0027189714595884235,30.569684638860025,56.014639710006605,25824.591000893608,25600.53244205358,0.008713972620351857,15898363.0,-0.0034392220129833492,-0.0010479342255707014,0,25678.25,25611.6,0
2026-02-05 10:45:00+05:30,25642.8,25651.15,25616.0,25624.0,15875340,12.36,31655.0,25704.12727180944,-0.0031172920582804137,25.396560360660615,60.8218849116839,25825.77104163281,25582.483501986073,0.009464921219618947,15933021.0,-0.00362021740886427,-0.0007273039252964075,-1,25680.2,25611.6,0
2026-02-05 11:00:00+05:30,25624.35,25678.25,25611.6,25673.55,15910115,12.15,34775.0,25701.21515068473,-0.0010764141120383223,35.29326574945655,61.63361282825036,25824.48237634123,25577.947925028227,0.009592326661116481,15929537.0,-0.001219244476471601,0.0019337339993754643,1,25680.2,25611.6,0
2026-02-05 11:15:00+05:30,25673.65,25676.9,25639.4,25653.05,15940080,12.21,29965.0,25696.627993476657,-0.0016958642779013873,30.304329189883177,63.33487045687314,25823.297734390402,25569.958252562912,0.009858860932718597,15916069.0,0.0015086011501960692,-0.0007984871589632458,-1,25680.2,25627.1,0
2026-02-05 11:30:00+05:30,25652.55,25680.2,25641.75,25666.3,15815280,12.16,-124800.0,25693.73961314555,-0.001067949374388139,31.469513908400344,64.31578646146907,25822.37118606849,25565.10804022261,0.010012678174501933,15876900.0,-0.0038811102923114716,0.0005165077836748466,0,25680.2,25611.1,0
2026-02-05 11:45:00+05:30,25666.35,25668.3,25629.65,25651.9,15838940,12.2,23660.0,25689.75488808407,-0.0014735402594917978,28.080189335931678,65.61677898380735,25820.988446051684,25558.521330116455,0.01021680109750568,15875951.0,-0.0023312619193647044,-0.0005610469759956827,-1,25668.3,25603.75,0
2026-02-05 12:00:00+05:30,25651.35,25657.7,25627.1,25629.8,15861365,12.28,22425.0,25684.04489874273,-0.002112007627949052,28.444507121702785,67.07458981375416,25818.194078370238,25549.895719115222,0.01044611003884941,15873156.0,-0.0007428264423281671,-0.0008615346231664045,-1,25657.7,25603.75,0
2026-02-05 12:15:00+05:30,25629.7,25630.5,25611.1,25621.55,15893215,12.31,31850.0,25678.093003624374,-0.0022019938792336878,27.70801711052829,67.6087569752311,25813.310517574835,25542.875489673912,0.01053174111733111,15869776.0,0.001476958464946197,-0.00032189092384649065,-1,25646.55,25603.75,0
2026-02-05 12:30:00+05:30,25620.9,25634.95,25603.75,25617.45,15944240,12.29,51025.0,25672.31747946967,-0.0021372234709059164,31.291880941249616,67.24589422018684,25806.809267910045,25537.8256910293,0.010477572860177276,15870608.0,0.004639519796595064,-0.0001600215443640085,-1,25657.3,25603.75,0
2026-02-05 12:45:00+05:30,25617.2,25646.55,25606.75,25640.8,15971345,12.25,27105.0,25669.315814758276,-0.0011108911107744499,41.61762233058634,63.59696368123576,25796.509742120747,25542.121887395806,0.009910192252910894,15901821.0,0.004372077889695777,0.0009114880677036918,1,25657.3,25606.75,0
2026-02-05 13:00:00+05:30,25640.1,25646.45,25629.55,25636.8,15982005,12.2,10660.0,25666.219070495583,-0.0011462175404480226,50.33557046979822,58.0590751780024,25782.337220851587,25550.10092013958,0.009048325352251554,15930434.0,0.0032372627136209847,-0.00015600137281213122,-1,25657.3,25611.2,0
2026-02-05 13:15:00+05:30,25637.45,25657.3,25611.2,25612.3,15993315,12.29,11310.0,25661.083920924575,-0.0019010857481665607,45.26787380996777,50.00906306017354,25761.102047044922,25561.065794804228,0.007795315772985737,15956824.0,0.0022868585878994467,-0.0009556574923547112,-1,25657.3,25579.5,0
2026-02-05 13:30:00+05:30,25611.7,25643.5,25611.7,25635.9,16017820,12.22,24505.0,25658.68545226509,-0.0008880210292720679,42.812560951823926,41.763593437831744,25742.212639140755,25575.158265389426,0.006510636488455872,15981745.0,0.0022572628958852743,0.0009214322805839448,1,25647.4,25579.5,0
2026-02-05 13:45:00+05:30,25635.8,25647.4,25621.05,25635.25,15887365,12.23,-130455.0,25656.45350443032,-0.0008264394152004644,43.242710795902404,29.474576355125937,25715.40265714057,25597.50435172007,0.004595268999284852,15970370.0,-0.005197437504578792,-2.535506847822777e-05,0,25647.4,25579.5,0
2026-02-05 14:00:00+05:30,25635.4,25642.0,25579.5,25596.95,15944305,12.32,56940.0,25650.786504008385,-0.0020988246890586227,41.3838612368023,23.462680333230885,25697.711864674846,25603.861143341925,0.0036587853287951004,15964962.0,-0.0012938959704382636,-0.0014940365317287485,-1,25649.0,25579.5,0
2026-02-05 14:15:00+05:30,25597.45,25617.65,25589.9,25611.9,15990780,12.25,46475.0,25647.083027436158,-0.0013718139953194327,47.68642447418767,21.423129869824038,25689.929287175804,25604.23676769651,0.003341218936579367,15966717.0,0.001507072493362286,0.0005840539595538541,1,25669.75,25589.9,0
2026-02-05 14:30:00+05:30,25611.8,25640.35,25606.35,25624.05,16006705,12.25,15925.0,25644.889405775568,-0.0008126143749668612,38.95582329317262,21.650582069442404,25688.19056991445,25601.588241636684,0.0033769819361460698,15969395.0,0.0023363439879845165,0.0004743888583040867,1,25669.75,25606.35,0
2026-02-05 14:45:00+05:30,25624.25,25649.0,25609.05,25645.2,15838810,12.2,-167895.0,25644.918986177898,1.0957875213192847e-05,48.25361512792024,21.71525112857881,25688.349488435055,25601.48848392074,0.0033870648825652548,15933593.0,-0.005948626904176604,0.0008253964537221492,0,25669.75,25553.55,0
2026-02-05 15:00:00+05:30,25646.05,25669.75,25630.45,25647.8,15797665,12.15,-41145.0,25645.19336844667,0.00010164210953211957,45.67958897711346,20.28881513876858,25685.77099872421,25604.615738169134,0.0031645407928538715,15915653.0,-0.007413330763117291,0.00010138349476696007,0,25669.75,25522.25,0
2026-02-05 15:15:00+05:30,25647.75,25649.75,25621.55,25641.6,15783105,12.14,-14560.0,25644.85114288032,-0.00012677565809249524,47.49878581835774,18.82690963259951,25682.504962145522,25607.19732361512,0.0029365597839045568,15883413.0,-0.006315267379876101,-0.0002417361333135748,0,25649.75,25522.25,0
2026-02-06 09:15:00+05:30,25605.8,25630.8,25553.55,25574.35,15554240,12.26,-228865.0,25638.136748320292,-0.002487963495415579,38.9563831905993,23.148669962892203,25684.43408824608,25591.839408394506,0.0036115994216170512,15796105.0,-0.015311686013735665,-0.0026226912517159917,0,25630.8,25504.6,0
2026-02-06 09:30:00+05:30,25574.6,25574.6,25522.25,25526.3,15615210,12.25,60970.0,25627.485629432646,-0.003948324501894817,33.625580195977236,33.10069803681734,25693.68702550628,25561.284233359012,0.005166437084846289,15717806.0,-0.0065273741131554874,-0.0018788356302310572,-1,25574.6,25504.6,0
2026-02-06 09:45:00+05:30,25527.2,25570.8,25527.2,25552.35,15656420,12.19,41210.0,25620.329855200966,-0.002653355971026539,39.593989769820595,35.18571181300302,25690.70127882697,25549.95843157496,0.005493404965800641,15681328.0,-0.001588385881603905,0.0010205160951646253,1,25570.8,25496.1,0
2026-02-06 10:00:00+05:30,25552.35,25560.45,25504.6,25515.8,15678650,12.1,22230.0,25610.37463089611,-0.0036928249687537104,30.828220858895705,41.44912631608335,25693.272883528276,25527.476378263942,0.006473802420067634,15657525.0,0.0013491915229258775,-0.001430396812817536,-1,25560.45,25491.9,0
2026-02-06 10:15:00+05:30,25515.8,25558.8,25506.65,25506.65,15688725,12.15,10075.0,25600.49609462029,-0.0036657920328351627,30.348784538728864,46.012781691021154,25692.52165800233,25508.470531238247,0.007189357818841637,15638649.0,0.003202066879306518,-0.0003586013372105512,-1,25576.4,25491.9,1
2026-02-06 10:30:00+05:30,25507.1,25525.85,25496.1,25502.4,15746315,12.17,57590.0,25591.153609418354,-0.0034681363244870793,32.32550659376028,50.16039956189236,25691.474408542137,25490.83281029457,0.007840271732561676,15677064.0,0.004417344982453347,-0.00016662321394611546,-1,25598.2,25491.9,1
2026-02-06 10:45:00+05:30,25501.7,25524.2,25491.9,25522.5,15817815,12.09,71500.0,25584.615170426132,-0.002427832899278171,31.55497722836637,52.355912298705306,25689.32699502354,25479.903345828723,0.008185530554193972,15717585.0,0.006376933861022543,0.0007881611142479539,1,25644.5,25491.9,1
2026-02-06 11:00:00+05:30,25522.75,25576.4,25522.75,25576.4,15891525,12.02,73710.0,25583.832773242688,-0.00029052618145863115,41.84112019963961,52.05052675549447,25687.933826753677,25479.7317197317,0.008138034236986178,15764606.0,0.008050883098505601,0.002111862082476268,1,25644.5,25522.75,0
2026-02-06 11:15:00+05:30,25577.8,25598.2,25564.6,25588.55,15870985,12.0,-20540.0,25584.28203293386,0.00016681988811115367,48.74439461883384,51.68145161262009,25687.6449361591,25480.91912970862,0.008080187913202598,15803073.0,0.004297392032549619,0.0004750473092380858,0,25657.9,25564.6,1
2026-02-06 11:30:00+05:30,25588.5,25644.5,25582.95,25623.8,15766530,11.96,-104455.0,25588.04564884492,0.001397306837956706,51.67700112739544,50.93100150666392,25689.907651858248,25486.183645831592,0.007961686829171817,15818634.0,-0.003293836876180333,0.0013775692643780424,0,25657.9,25561.35,0
2026-02-06 11:45:00+05:30,25623.85,25641.8,25613.2,25632.25,15771275,12.01,4745.0,25592.255587050167,0.0015627545143019762,51.16775847336953,50.715213901261954,25693.68601485269,25490.825159247644,0.007926650111594486,15823626.0,-0.003308407314480259,0.00032977154052105107,1,25657.9,25536.7,0
2026-02-06 12:00:00+05:30,25631.35,25657.9,25588.45,25611.05,15780115,11.95,8840.0,25594.045531140626,0.0006643915999400672,45.13740566709355,50.685250306991,25695.41603175461,25492.675030526643,0.007921412852895313,15816086.0,-0.002274330071295768,-0.0008270830691804454,-1,25657.9,25526.65,0
2026-02-06 12:15:00+05:30,25611.7,25614.35,25561.35,25573.75,15790255,11.96,10140.0,25592.112623412944,-0.0007175110426852836,40.40430218997017,49.521443786857866,25691.15551098666,25493.069735839228,0.0077401103247026785,15795832.0,-0.0003530678219418895,-0.0014564026074682657,-1,25614.35,25526.65,0
2026-02-06 12:30:00+05:30,25573.25,25573.5,25536.7,25543.45,15868060,12.05,77805.0,25587.478087849806,-0.001720688834540199,38.02902793023547,48.91279807767607,25685.303684005157,25489.652491694455,0.007646364821064862,15795247.0,0.004609804455732791,-0.0011848086416735848,-1,25576.65,25526.65,0
2026-02-06 12:45:00+05:30,25542.8,25570.35,25526.65,25556.7,15911610,11.97,43550.0,25584.54684138792,-0.001088424257054746,47.52071920213539,49.04358232330996,25682.63400603454,25486.459676741302,0.0076676882537503955,15824263.0,0.005519814730076213,0.0005187239781627717,1,25598.75,25526.65,0
2026-02-06 13:00:00+05:30,25556.15,25573.15,25540.2,25561.45,15919085,11.97,7475.0,25582.34714220812,-0.0008168578939201963,55.62130177514827,48.548742191935716,25679.44462659199,25485.24965782425,0.007590975436625979,15853825.0,0.004116356778253828,0.0001858612418661476,1,25626.1,25540.2,1
2026-02-06 13:15:00+05:30,25562.1,25576.65,25559.7,25569.0,15935400,11.93,16315.0,25581.075985807343,-0.00047206715675459753,52.83018867924558,47.243229186258375,25675.56244417986,25486.589527434826,0.007387215332532503,15884882.0,0.0031802565483331885,0.00029536665564733333,1,25633.3,25549.1,1
2026-02-06 13:30:00+05:30,25569.4,25598.75,25549.1,25578.45,15928835,11.92,-6565.0,25580.82589192093,-9.287784260628267e-05,61.73001310616036,44.17452051981814,25669.174932960566,25492.476850881292,0.0069074424268326644,15912598.0,0.0010203864887430702,0.00036958817317844783,0,25633.3,25549.1,0
2026-02-06 13:45:00+05:30,25578.3,25626.1,25572.05,25617.6,15908295,11.88,-20540.0,25584.32818792846,0.001300476284823404,68.67530718734199,41.83777379100615,25668.003735510472,25500.652640346445,0.0065411565210842315,15920645.0,-0.0007757223403951285,0.0015305853169367278,0,25652.4,25572.05,0
2026-02-06 14:00:00+05:30,25617.4,25633.3,25607.15,25612.3,15882815,11.92,-25480.0,25586.99217003051,0.0009890896828089212,68.4334116068433,39.60488041428098,25666.20193085907,25507.782409201947,0.006191408533070083,15914886.0,-0.0020151573815860194,-0.00020688901380294666,0,25671.85,25601.9,0
2026-02-06 14:15:00+05:30,25612.15,25630.65,25601.9,25610.9,15880735,11.93,-2080.0,25589.269106218082,0.0008453111221009132,65.81961345740932,40.77546758256607,25670.820041383213,25507.71817105295,0.0063738385669885565,15907216.0,-0.001664716189181061,-5.466123698372183e-05,0,25703.8,25601.9,1
2026-02-06 14:30:00+05:30,25611.1,25652.4,25606.5,25651.85,15883725,11.99,2990.0,25595.229191340168,0.002212162596261797,64.15837868267967,43.42089783064238,25682.07098700145,25508.387395678885,0.0067857798820308915,15896881.0,-0.0008275837253861307,0.001598928581189929,1,25703.95,25606.5,0
2026-02-06 14:45:00+05:30,25651.8,25671.85,25633.65,25670.3,16070795,11.91,187070.0,25602.378792164913,0.0026529256670428,64.98625114573825,47.90925983178716,25698.197311828488,25506.560272501338,0.007485126319035503,15925273.0,0.00913780253563,0.0007192463701448659,1,25922.25,25633.65,1
2026-02-06 15:00:00+05:30,25671.2,25703.8,25671.2,25698.5,15989155,11.92,-81640.0,25611.533192911113,0.003395611126980814,64.05720737674116,52.013561680416025,25715.560316271945,25507.50606955028,0.008123459269484571,15941445.0,0.0029928278145425337,0.0010985457902712437,0,25922.25,25660.2,1
2026-02-06 15:15:00+05:30,25697.75,25703.95,25660.2,25673.6,16008915,12.01,19760.0,25617.444317395766,0.002192087622343318,57.32766259082038,51.25779427250581,25719.959905940777,25514.928728850755,0.008003576568752184,15966665.0,0.0026461380632711966,-0.0009689281475573353,-1,25922.25,25660.2,1
2026-02-09 09:15:00+05:30,25888.7,25922.25,25793.3,25822.9,15940730,12.18,-68185.0,25637.011525262835,0.007250785628972054,75.81962218159708,67.18010572529397,25771.371736713423,25502.651313812246,0.010481737414533608,15978664.0,-0.0023740407833846436,0.005815312227346547,0,25922.25,25780.9,0
2026-02-09 09:30:00+05:30,25822.0,25835.5,25780.9,25793.05,15943590,12.25,2860.0,25651.87233238066,0.005503600898603028,77.22194637537235,74.46758792464294,25800.807508229944,25502.937156531374,0.011612031583463188,15990637.0,-0.002942159214795508,-0.0011559507259061297,-1,25835.5,25780.9,0
2026-02-09 09:45:00+05:30,25792.9,25819.25,25790.35,25814.1,15942225,12.15,-1365.0,25667.322586439645,0.005718454391417448,84.38571973065663,84.09566681839365,25835.51392007643,25499.131252802857,0.013105483290699322,15964923.0,-0.0014217419025447226,0.0008161113168081435,0,25852.35,25790.35,0
2026-02-09 10:00:00+05:30,25814.8,25831.1,25796.15,25801.6,15919865,12.15,-22360.0,25680.11091154063,0.004730863074457071,81.17362525458226,90.46425639007508,25861.039424320777,25499.18239876048,0.014090944809653404,15951065.0,-0.001955982249461086,-0.0004842314858933827,0,25866.4,25794.0,1
2026-02-09 10:15:00+05:30,25800.1,25829.95,25794.0,25812.8,15791035,12.14,-128830.0,25692.74796758438,0.0046726038245144446,81.47777082028786,97.11888048864236,25886.985728561664,25498.510206607094,0.015120045642634071,15907489.0,-0.007320702846313457,0.00043408160734226264,0,25870.05,25794.0,0
2026-02-09 10:30:00+05:30,25812.3,25852.35,25810.1,25852.35,15745275,12.12,-45760.0,25707.948161147775,0.005617011437359944,82.85217391304332,105.85304249412009,25919.654246136015,25496.242076159535,0.01647008805690606,15868398.0,-0.0077590062966658635,0.0015321855823466901,0,25870.05,25810.1,0
2026-02-09 10:45:00+05:30,25852.8,25866.4,25844.5,25864.6,15717650,12.14,-27625.0,25722.867383895606,0.005509985103493086,82.96279230503379,113.18836637611487,25949.244116647835,25496.490651143376,0.017601205135781832,15823210.0,-0.006671212731171488,0.00047384473751899137,0,25870.05,25842.0,0
2026-02-09 11:00:00+05:30,25865.2,25870.05,25853.45,25857.95,15691195,12.16,-26455.0,25735.732394953167,0.004748946063442922,79.92777985306968,116.41732833013003,25968.567051613427,25502.897738292908,0.01809427088276057,15773004.0,-0.005186646754162999,-0.00025710817101354255,0,25870.05,25830.5,0
2026-02-09 11:15:00+05:30,25858.15,25868.35,25851.75,25858.4,15662855,12.16,-28340.0,25747.415024005248,0.004310528877997207,81.01840181497376,115.68583068402019,25978.78668537329,25516.043362637207,0.017972418679881037,15721602.0,-0.0037367057123059086,1.7402771681496176e-05,0,25868.35,25830.5,0
2026-02-09 11:30:00+05:30,25858.85,25866.55,25842.0,25851.0,15652065,12.14,-10790.0,25757.280259814273,0.0036385728322390174,79.81127390116662,113.32839809945617,25983.937056013187,25530.62346361536,0.017599435492615743,15693808.0,-0.0026598388358007184,-0.0002861739318752443,0,25866.55,25830.5,0
2026-02-09 11:45:00+05:30,25850.45,25852.3,25830.5,25834.75,15636790,12.16,-15275.0,25764.658330308153,0.002720457954196682,74.19312169312141,108.48189637955626,25981.622123067267,25547.69453754904,0.01684196933470601,15672111.0,-0.0022537487132397163,-0.0006286023751499448,0,25861.45,25830.5,0
2026-02-09 12:00:00+05:30,25834.3,25861.25,25833.9,25856.25,15621060,12.1,-15730.0,25773.381346469283,0.0032152806190511446,74.39968508069775,103.21775637099866,25979.81685921128,25566.945833727284,0.01601928051014372,15652793.0,-0.0020273059255303512,0.0008322124270605524,0,25861.45,25819.95,0
2026-02-09 12:15:00+05:30,25856.6,25861.45,25848.5,25849.3,15619045,12.12,-2015.0,25780.611694424588,0.0026643396359081074,70.95608671484109,96.12990785499767,25972.871510134584,25588.35187871459,0.014915070130130024,15638363.0,-0.0012352955357283878,-0.0002687938119410038,0,25861.45,25819.95,0
2026-02-09 12:30:00+05:30,25850.55,25850.9,25831.55,25835.95,15608125,12.1,-10920.0,25785.882009241293,0.0019416823027718678,73.3094041636756,90.09600358418814,25966.07401640967,25605.690002072915,0.013976020452106296,15627417.0,-0.0012344970381221669,-0.0005164549910441352,0,25860.3,25819.95,0
2026-02-09 12:45:00+05:30,25836.0,25839.8,25819.95,25837.25,15597270,12.03,-10855.0,25790.77419883736,0.00180203202914068,53.5830212234703,81.5467712097599,25953.86774125688,25627.68065641784,0.012647432850377303,15616458.0,-0.0012287037175779552,5.0317483970996335e-05,0,25860.3,25819.95,0
2026-02-09 13:00:00+05:30,25838.4,25860.3,25835.9,25849.95,15607735,12.03,10465.0,25796.40998942428,0.0020754830070413444,65.53795740032821,70.29055951249275,25936.991108449263,25655.828870399295,0.010899277774125785,15610647.0,-0.00018653935355786343,0.0004915383796650907,1,25860.3,25835.85,0
2026-02-09 13:15:00+05:30,25850.75,25860.0,25836.85,25838.15,15586155,12.06,-21580.0,25800.385228526728,0.0014637289768649837,56.91688236985996,60.71310635188435,25921.811441230497,25678.95901582296,0.009412744160851656,15603666.0,-0.0011222362744754983,-0.00045648057346336923,0,25860.0,25835.5,0
2026-02-09 13:30:00+05:30,25840.35,25856.1,25835.85,25853.3,15567240,12.02,-18915.0,25805.4247305718,0.0018552405134986774,64.6458923512753,50.984295505169854,25907.39332158214,25703.456139561462,0.00790288027226595,15593305.0,-0.0016715507071784973,0.0005863422884377911,0,25864.4,25835.5,0
2026-02-09 13:45:00+05:30,25854.05,25857.3,25843.1,25845.65,15562430,12.11,-4810.0,25809.25570861258,0.0014101255688390494,59.496964440590766,41.91546913291371,25893.086646878408,25725.424770346755,0.006496191847783644,15584166.0,-0.001394749003571959,-0.0002959003299384255,0,25864.4,25835.5,0
2026-02-09 14:00:00+05:30,25846.1,25853.8,25835.5,25844.4,15550665,12.07,-11765.0,25812.60278398281,0.0012318484998701047,47.04790196806631,20.025589550442447,25852.653963083696,25772.551604881923,0.0031032267017829865,15574845.0,-0.0015525034117514491,-4.836403804897582e-05,0,25864.4,25835.5,0
2026-02-09 14:15:00+05:30,25845.25,25864.4,25842.2,25858.7,15543970,12.12,-6695.0,25816.992995032066,0.001615486550891527,47.84198975859616,20.140052396332496,25857.27309982473,25776.7128902394,0.00312043349126035,15562092.0,-0.001164496392901417,0.000553311355651509,0,25875.85,25836.25,0
2026-02-09 14:30:00+05:30,25860.05,25861.0,25840.35,25843.8,15531295,12.06,-12675.0,25819.54604312425,0.0009393641869318658,45.11900655398353,16.76456063909169,25853.075164402435,25786.016921846065,0.002597189061510531,15551120.0,-0.0012748277937537618,-0.0005762083940802354,0,25875.85,25836.25,0
